Timestamp,Fridge_kWh,AC_kWh,Light_kWh,Ambient_Temperature_C,Humidity_Percentage
2018-01-01,0.78,0.44,2.19,38.0,35.3
2018-01-02,0.42,4.28,1.44,37.1,30.7
2018-01-03,1.34,2.04,0.13,21.3,57.8
2018-01-04,2.71,0.12,4.33,11.8,68.6
2018-01-05,1.74,2.28,1.42,13.9,33.8
2018-01-06,3.49,1.82,3.14,22.1,66.3
2018-01-07,0.71,2.74,2.03,35.6,86.8
2018-01-08,0.27,1.85,0.12,23.1,25.2
2018-01-09,4.77,0.9,3.59,29.0,27.8
2018-01-10,4.27,0.39,4.53,18.2,46.6
2018-01-11,1.11,4.62,3.68,10.4,85.1
2018-01-12,3.21,2.56,3.26,18.5,86.3
2018-01-13,0.69,1.07,4.14,20.8,87.9
2018-01-14,3.08,0.02,1.79,20.4,73.8
2018-01-15,1.61,2.25,1.88,10.3,42.2
2018-01-16,0.06,2.63,3.69,13.0,37.7
2018-01-17,2.37,1.34,1.36,20.0,57.0
2018-01-18,4.17,1.07,4.54,18.1,87.9
2018-01-19,0.27,4.95,2.83,28.9,46.6
2018-01-20,1.15,4.58,1.47,12.5,32.1
2018-01-21,3.83,1.27,2.12,36.0,46.8
2018-01-22,4.84,3.93,0.6,12.9,69.0
2018-01-23,2.06,0.06,0.7,36.2,38.8
2018-01-24,3.65,1.22,0.13,16.0,66.7
2018-01-25,4.77,1.46,4.69,18.0,71.6
2018-01-26,1.63,2.03,1.14,25.4,21.2
2018-01-27,4.0,1.92,0.93,39.3,89.6
2018-01-28,2.9,4.5,3.65,27.2,21.5
2018-01-29,2.81,2.51,3.1,10.8,32.8
2018-01-30,3.41,1.28,4.21,28.4,78.1
2018-01-31,0.96,4.94,0.61,36.6,81.2
2018-02-01,2.84,1.61,1.64,10.8,88.4
2018-02-02,4.76,1.31,0.88,31.6,20.9
2018-02-03,1.58,2.19,2.13,30.7,34.3
2018-02-04,3.66,2.87,2.83,39.7,50.6
2018-02-05,0.4,4.23,0.34,16.3,80.9
2018-02-06,4.49,2.88,4.72,19.7,46.0
2018-02-07,0.61,1.53,3.59,28.8,48.3
2018-02-08,0.76,0.45,2.27,11.1,66.8
2018-02-09,3.75,4.47,4.12,30.6,64.2
2018-02-10,1.92,0.95,3.26,31.1,21.5
2018-02-11,4.9,1.15,1.35,12.5,39.9
2018-02-12,4.44,2.22,3.77,39.9,29.1
2018-02-13,2.34,3.29,0.33,13.6,43.5
2018-02-14,4.96,4.09,3.29,10.5,75.2
2018-02-15,1.99,1.05,3.87,32.9,28.1
2018-02-16,4.03,1.99,3.07,36.9,34.5
2018-02-17,4.6,1.69,2.84,30.1,70.3
2018-02-18,4.34,0.55,4.59,23.1,56.6
2018-02-19,4.16,3.24,3.69,22.0,89.7
2018-02-20,0.08,4.79,3.88,23.9,72.6
2018-02-21,3.24,1.62,2.85,26.1,80.9
2018-02-22,4.17,3.34,0.16,19.2,23.4
2018-02-23,3.01,1.85,2.29,23.7,36.3
2018-02-24,3.09,0.49,0.94,25.9,69.3
2018-02-25,2.61,0.35,2.84,22.1,28.0
2018-02-26,1.96,2.7,1.28,15.9,24.8
2018-02-27,0.74,1.34,3.9,11.3,49.7
2018-02-28,4.47,4.29,4.83,20.8,88.6
2018-03-01,3.92,4.97,1.23,16.8,40.3
2018-03-02,3.09,4.01,3.84,31.3,54.5
2018-03-03,4.74,0.87,0.37,36.0,73.5
2018-03-04,1.31,4.93,1.99,36.0,39.2
2018-03-05,2.93,3.28,3.69,15.6,35.0
2018-03-06,1.92,3.17,2.94,17.5,73.3
2018-03-07,4.72,4.18,2.27,34.4,87.3
2018-03-08,0.82,4.21,4.58,22.2,27.6
2018-03-09,1.04,3.48,2.75,10.7,41.7
2018-03-10,3.34,1.68,1.77,38.3,30.8
2018-03-11,3.08,1.68,4.3,14.4,83.0
2018-03-12,0.45,1.25,3.18,10.4,54.2
2018-03-13,2.6,1.65,3.35,35.8,51.3
2018-03-14,4.24,3.28,3.14,33.0,24.6
2018-03-15,3.03,2.81,1.52,36.9,31.9
2018-03-16,0.25,4.19,2.72,25.9,78.0
2018-03-17,2.01,4.33,2.5,29.1,35.8
2018-03-18,2.92,4.42,2.9,39.1,70.8
2018-03-19,2.21,2.43,3.09,33.1,84.5
2018-03-20,1.7,3.47,4.65,39.1,75.9
2018-03-21,4.25,1.76,1.31,34.3,82.0
2018-03-22,3.34,4.36,0.63,12.6,51.3
2018-03-23,1.01,2.88,0.46,33.4,49.2
2018-03-24,3.43,4.8,3.96,26.0,24.2
2018-03-25,0.08,2.77,0.38,14.1,65.9
2018-03-26,3.71,1.67,1.5,16.8,60.1
2018-03-27,0.34,0.89,0.52,20.5,26.3
2018-03-28,1.05,2.24,3.03,22.5,35.0
2018-03-29,1.1,2.58,1.77,38.8,70.5
2018-03-30,1.89,2.18,4.15,30.1,80.8
2018-03-31,0.34,2.09,2.29,37.3,32.8
2018-04-01,3.84,0.56,3.08,19.4,88.2
2018-04-02,0.01,4.59,4.03,10.7,63.7
2018-04-03,0.95,1.07,4.39,12.0,51.3
2018-04-04,3.15,0.04,3.05,35.3,40.6
2018-04-05,0.55,4.77,4.42,14.3,23.4
2018-04-06,0.83,3.69,4.65,20.4,85.7
2018-04-07,2.96,3.09,3.3,25.9,73.6
2018-04-08,2.52,3.33,1.05,20.6,84.7
2018-04-09,1.35,3.86,2.72,10.8,43.5
2018-04-10,4.43,2.86,0.37,24.1,64.6
2018-04-11,3.57,2.81,4.52,34.3,53.3
2018-04-12,4.99,4.27,0.35,10.7,80.0
2018-04-13,3.94,4.14,0.33,25.4,20.3
2018-04-14,1.41,3.68,4.21,16.4,22.8
2018-04-15,2.63,3.04,4.6,38.4,59.1
2018-04-16,2.67,4.02,3.76,18.1,89.3
2018-04-17,2.89,1.82,3.78,21.7,83.7
2018-04-18,3.58,0.03,0.15,35.5,84.5
2018-04-19,0.05,3.47,1.41,27.5,31.4
2018-04-20,2.52,0.68,0.3,33.3,42.7
2018-04-21,2.0,3.14,0.48,14.5,21.3
2018-04-22,2.7,4.53,1.59,32.8,31.9
2018-04-23,2.16,4.6,2.13,26.1,38.3
2018-04-24,1.28,4.95,4.71,12.1,40.4
2018-04-25,1.65,2.8,3.65,10.5,54.4
2018-04-26,2.54,2.97,3.95,28.2,46.7
2018-04-27,0.86,0.9,2.08,23.8,42.8
2018-04-28,3.49,1.96,3.69,32.6,89.9
2018-04-29,0.31,4.58,4.99,33.2,45.3
2018-04-30,1.7,3.33,1.08,20.2,51.9
2018-05-01,1.88,1.25,4.3,10.9,40.0
2018-05-02,1.87,1.13,3.48,36.5,48.4
2018-05-03,2.27,4.9,0.68,25.1,33.1
2018-05-04,0.84,1.14,0.04,38.7,42.0
2018-05-05,3.04,4.45,0.45,39.3,61.2
2018-05-06,4.51,4.71,3.95,37.5,74.6
2018-05-07,2.55,0.58,1.77,12.9,59.5
2018-05-08,2.67,0.8,1.28,29.4,48.8
2018-05-09,2.04,2.09,0.56,33.3,71.0
2018-05-10,3.18,2.48,0.22,26.8,41.9
2018-05-11,1.09,2.46,1.91,10.5,29.7
2018-05-12,1.46,1.46,4.96,10.9,42.5
2018-05-13,1.18,0.22,3.53,28.5,65.2
2018-05-14,1.85,0.92,4.11,15.7,64.0
2018-05-15,3.06,1.24,3.43,23.4,55.6
2018-05-16,4.58,0.83,3.24,27.0,48.4
2018-05-17,1.35,2.16,3.52,13.7,24.2
2018-05-18,3.45,1.57,1.67,39.8,67.2
2018-05-19,1.41,2.52,0.06,33.6,75.2
2018-05-20,1.96,3.06,4.43,32.4,63.1
2018-05-21,3.36,0.62,4.94,24.7,34.8
2018-05-22,4.6,4.93,0.22,29.3,40.7
2018-05-23,4.34,4.41,3.27,15.2,66.9
2018-05-24,2.37,3.31,1.48,15.5,80.7
2018-05-25,1.14,0.11,2.57,12.9,34.7
2018-05-26,4.94,0.09,2.16,26.4,80.4
2018-05-27,2.92,2.83,2.67,29.8,73.2
2018-05-28,0.19,3.79,2.81,13.0,22.0
2018-05-29,3.79,2.02,0.65,29.7,37.9
2018-05-30,2.24,4.49,4.79,27.6,44.8
2018-05-31,3.42,2.81,0.49,18.2,47.5
2018-06-01,1.74,1.74,2.34,11.6,75.0
2018-06-02,2.25,1.29,4.04,15.2,81.5
2018-06-03,3.23,1.77,1.02,32.8,60.8
2018-06-04,2.94,4.98,0.16,34.9,69.8
2018-06-05,0.98,3.37,2.29,36.6,55.2
2018-06-06,0.98,0.88,2.71,38.7,86.2
2018-06-07,3.55,3.86,1.45,10.4,21.6
2018-06-08,1.12,3.17,1.52,26.7,81.1
2018-06-09,2.43,1.43,0.84,14.8,24.4
2018-06-10,0.02,1.03,3.54,30.2,70.7
2018-06-11,2.54,0.54,3.7,32.7,63.7
2018-06-12,4.14,1.15,2.68,39.7,39.2
2018-06-13,3.8,3.12,2.12,17.7,80.3
2018-06-14,0.98,1.42,2.34,10.7,37.9
2018-06-15,4.22,2.07,2.63,36.6,26.7
2018-06-16,3.84,0.25,1.04,36.5,28.1
2018-06-17,3.16,3.65,0.23,13.8,29.4
2018-06-18,3.08,4.04,0.23,11.3,58.5
2018-06-19,4.66,4.66,2.25,39.0,75.1
2018-06-20,2.68,4.8,3.4,23.1,44.0
2018-06-21,0.18,2.84,1.23,37.5,71.3
2018-06-22,1.87,3.86,1.86,23.0,20.0
2018-06-23,1.36,1.04,0.31,26.4,74.3
2018-06-24,2.55,3.81,3.62,13.2,66.9
2018-06-25,3.87,4.52,1.78,23.8,66.9
2018-06-26,2.04,1.63,2.56,33.2,73.5
2018-06-27,3.69,0.47,4.85,14.6,89.1
2018-06-28,2.19,0.32,3.84,22.0,74.2
2018-06-29,1.54,4.56,0.19,28.2,79.5
2018-06-30,0.02,3.17,1.39,16.0,80.8
2018-07-01,4.85,1.55,0.75,39.7,52.5
2018-07-02,3.04,2.05,0.63,30.5,20.2
2018-07-03,2.93,0.43,3.81,36.6,21.0
2018-07-04,3.13,1.67,1.11,18.4,86.9
2018-07-05,1.25,2.1,4.62,12.5,56.4
2018-07-06,3.63,2.86,3.44,27.4,83.7
2018-07-07,3.51,1.71,4.63,37.2,50.0
2018-07-08,4.36,3.31,4.57,33.1,39.2
2018-07-09,4.45,3.47,4.55,13.3,75.5
2018-07-10,0.27,4.89,0.78,32.8,61.8
2018-07-11,0.88,0.53,4.67,20.7,50.8
2018-07-12,3.02,2.91,0.33,22.0,32.0
2018-07-13,2.3,3.08,3.91,35.3,59.6
2018-07-14,0.75,0.69,4.21,15.9,70.1
2018-07-15,3.6,2.46,2.39,21.8,58.1
2018-07-16,0.09,0.37,4.31,12.1,48.0
2018-07-17,1.9,2.66,4.46,12.7,33.5
2018-07-18,2.54,0.74,1.19,14.2,63.5
2018-07-19,2.24,1.76,1.2,21.8,66.4
2018-07-20,4.83,3.41,2.02,25.4,80.7
2018-07-21,1.97,1.03,2.62,13.0,85.4
2018-07-22,0.62,1.81,1.44,11.0,27.8
2018-07-23,0.6,2.33,1.89,31.8,81.5
2018-07-24,0.54,2.31,4.41,23.3,37.0
2018-07-25,0.61,3.72,3.24,22.0,53.9
2018-07-26,1.01,3.14,4.92,19.8,48.4
2018-07-27,0.38,0.87,3.84,14.9,69.4
2018-07-28,0.67,3.73,4.24,33.5,45.5
2018-07-29,2.13,3.23,3.47,12.7,40.6
2018-07-30,4.74,2.2,3.1,20.7,62.1
2018-07-31,4.13,0.54,2.9,22.7,25.6
2018-08-01,0.94,1.09,4.47,16.7,80.4
2018-08-02,1.46,3.89,4.92,31.4,80.8
2018-08-03,3.63,3.98,2.64,29.7,65.1
2018-08-04,1.53,4.53,1.47,23.7,24.1
2018-08-05,3.54,2.31,1.77,37.1,64.9
2018-08-06,3.61,1.79,4.17,16.5,69.6
2018-08-07,4.5,4.13,2.57,38.5,86.4
2018-08-08,2.1,1.89,2.32,30.6,29.3
2018-08-09,4.11,4.7,0.98,35.8,27.3
2018-08-10,0.58,1.87,2.65,33.7,57.9
2018-08-11,2.39,4.63,0.51,38.0,51.2
2018-08-12,2.0,2.93,0.95,36.8,73.0
2018-08-13,0.18,3.26,0.39,23.2,46.7
2018-08-14,0.04,3.49,3.08,13.8,66.9
2018-08-15,2.2,3.23,4.47,39.0,70.2
2018-08-16,3.37,3.16,0.92,39.2,82.5
2018-08-17,4.25,1.31,2.33,28.3,47.9
2018-08-18,0.08,4.43,4.69,30.1,62.0
2018-08-19,2.51,2.19,4.82,34.7,41.4
2018-08-20,2.97,0.62,2.38,20.9,36.7
2018-08-21,3.71,0.59,2.19,28.7,60.0
2018-08-22,4.44,3.45,2.89,16.1,69.0
2018-08-23,0.17,1.38,1.27,33.9,31.7
2018-08-24,2.65,1.9,2.35,34.6,55.0
2018-08-25,4.67,2.7,3.04,27.6,60.3
2018-08-26,3.93,4.54,2.93,10.8,33.9
2018-08-27,2.53,2.92,3.69,36.5,42.5
2018-08-28,0.05,1.92,0.87,31.6,71.5
2018-08-29,1.55,2.15,0.93,13.5,59.5
2018-08-30,4.52,1.04,2.58,30.1,72.4
2018-08-31,0.33,2.56,0.84,26.4,26.2
2018-09-01,1.13,3.11,1.03,22.0,70.3
2018-09-02,4.8,4.38,3.49,35.1,46.9
2018-09-03,3.44,3.62,4.13,31.4,53.1
2018-09-04,2.66,3.75,4.58,17.4,22.4
2018-09-05,1.23,4.18,1.34,30.4,28.5
2018-09-06,4.31,3.0,3.01,25.3,79.3
2018-09-07,0.95,2.59,0.64,24.5,31.3
2018-09-08,0.23,0.25,3.04,36.8,72.5
2018-09-09,3.55,0.9,1.31,11.9,52.7
2018-09-10,0.08,4.83,2.57,19.2,69.2
2018-09-11,0.82,3.2,0.46,17.1,24.8
2018-09-12,0.71,1.73,2.55,17.4,32.6
2018-09-13,0.68,0.96,2.36,23.5,27.4
2018-09-14,2.16,3.98,2.23,28.9,51.1
2018-09-15,1.87,2.47,2.08,14.4,52.6
2018-09-16,4.3,1.98,3.12,39.2,51.2
2018-09-17,1.0,3.15,0.37,31.2,45.0
2018-09-18,4.2,1.65,3.87,33.2,88.5
2018-09-19,4.88,4.98,2.81,15.8,57.6
2018-09-20,2.8,1.16,3.34,36.5,86.6
2018-09-21,3.63,0.59,1.86,25.9,87.7
2018-09-22,3.79,0.45,0.93,33.2,68.7
2018-09-23,0.26,2.91,0.52,33.7,42.7
2018-09-24,1.84,1.65,0.54,18.0,43.3
2018-09-25,2.65,1.01,1.06,27.1,25.5
2018-09-26,0.41,1.87,2.33,35.0,71.7
2018-09-27,2.93,4.54,0.52,24.7,24.4
2018-09-28,0.84,4.36,4.19,20.7,79.9
2018-09-29,4.4,3.24,1.48,27.1,37.6
2018-09-30,0.91,1.53,2.52,32.8,28.4
2018-10-01,0.41,2.92,4.22,21.4,34.7
2018-10-02,0.29,3.54,1.53,15.9,22.8
2018-10-03,0.35,2.92,2.54,18.8,35.1
2018-10-04,4.72,0.81,1.79,35.5,31.3
2018-10-05,3.03,0.76,0.49,16.3,42.7
2018-10-06,3.03,4.36,2.58,19.4,68.3
2018-10-07,2.18,0.77,1.36,38.7,77.1
2018-10-08,3.06,2.4,3.66,24.6,60.0
2018-10-09,0.85,4.69,1.26,30.5,32.7
2018-10-10,1.6,1.54,4.77,23.2,49.7
2018-10-11,0.02,0.33,1.8,12.6,60.8
2018-10-12,2.96,2.64,1.84,33.0,21.7
2018-10-13,3.42,3.47,0.1,13.7,58.6
2018-10-14,1.1,4.93,2.1,24.3,74.9
2018-10-15,2.54,3.03,1.51,14.7,89.8
2018-10-16,0.44,2.98,0.77,25.8,52.5
2018-10-17,4.18,0.87,0.93,14.4,62.7
2018-10-18,2.1,2.67,2.01,33.4,57.9
2018-10-19,0.31,1.09,0.82,39.8,53.3
2018-10-20,3.53,2.69,2.57,14.3,46.4
2018-10-21,1.59,0.12,3.21,31.2,39.4
2018-10-22,2.68,3.16,2.45,15.5,69.1
2018-10-23,4.88,0.95,0.2,33.7,71.9
2018-10-24,1.57,2.13,1.6,12.7,82.9
2018-10-25,2.76,3.18,1.16,12.7,36.8
2018-10-26,4.41,0.98,2.89,30.6,59.2
2018-10-27,4.55,1.04,3.06,11.6,67.1
2018-10-28,4.59,0.51,4.96,20.9,26.7
2018-10-29,0.51,1.71,1.85,15.7,54.9
2018-10-30,1.57,0.17,2.02,32.6,44.6
2018-10-31,4.7,0.02,0.69,12.1,27.5
2018-11-01,2.53,0.23,1.65,18.4,55.0
2018-11-02,0.12,3.85,0.1,35.2,57.3
2018-11-03,4.21,2.22,4.58,23.5,82.9
2018-11-04,4.33,3.75,1.37,18.1,43.1
2018-11-05,2.16,0.3,1.41,15.6,20.7
2018-11-06,1.7,0.36,0.17,16.7,40.4
2018-11-07,0.26,1.37,4.97,26.0,69.5
2018-11-08,0.1,4.67,3.49,24.4,29.1
2018-11-09,2.29,2.87,1.37,17.5,87.5
2018-11-10,0.99,0.62,1.76,11.8,34.5
2018-11-11,1.21,0.02,3.72,15.1,61.3
2018-11-12,0.76,3.57,1.03,20.3,58.1
2018-11-13,0.76,2.35,2.75,15.5,58.7
2018-11-14,1.68,0.09,2.26,10.6,32.8
2018-11-15,1.91,1.3,4.26,17.4,20.8
2018-11-16,2.22,0.44,0.81,29.1,81.2
2018-11-17,2.43,0.35,1.92,21.7,51.3
2018-11-18,4.89,0.55,0.18,37.5,71.9
2018-11-19,0.52,0.69,0.57,12.0,37.4
2018-11-20,0.21,3.12,0.01,20.4,60.4
2018-11-21,4.65,2.19,1.62,28.4,23.1
2018-11-22,1.33,1.93,3.68,16.2,89.6
2018-11-23,0.16,1.35,1.36,34.5,27.2
2018-11-24,3.28,1.49,3.2,31.3,21.6
2018-11-25,2.67,3.39,2.52,15.1,30.1
2018-11-26,1.79,0.86,2.84,21.1,79.4
2018-11-27,4.1,2.43,2.92,36.0,80.5
2018-11-28,4.37,1.86,2.65,19.4,69.9
2018-11-29,1.36,0.59,0.69,10.8,61.7
2018-11-30,2.81,4.49,2.7,20.3,32.9
2018-12-01,3.93,1.1,0.12,30.4,57.0
2018-12-02,0.93,3.92,1.67,26.9,77.8
2018-12-03,3.28,1.96,1.85,24.7,41.4
2018-12-04,3.93,2.53,0.38,38.6,66.1
2018-12-05,2.85,2.03,3.78,28.3,29.0
2018-12-06,4.85,0.04,3.95,33.8,70.9
2018-12-07,4.26,0.62,0.6,39.4,37.6
2018-12-08,2.78,2.76,4.59,13.3,27.1
2018-12-09,0.43,3.03,1.65,12.6,61.9
2018-12-10,2.06,1.86,4.21,12.3,62.2
2018-12-11,2.16,2.95,2.46,17.5,84.1
2018-12-12,4.02,3.37,3.37,24.9,21.8
2018-12-13,2.73,0.92,3.28,39.6,22.4
2018-12-14,3.67,3.04,2.04,12.1,53.4
2018-12-15,0.69,0.58,0.91,18.7,76.3
2018-12-16,2.16,4.21,1.76,38.9,25.2
2018-12-17,0.6,0.34,4.61,14.6,36.7
2018-12-18,4.71,4.8,2.61,28.7,36.3
2018-12-19,3.14,4.38,1.73,39.0,59.4
2018-12-20,2.79,0.09,2.85,20.3,67.3
2018-12-21,4.39,3.14,1.86,34.9,43.3
2018-12-22,3.14,3.67,4.5,19.5,58.7
2018-12-23,2.54,3.15,3.1,38.4,38.8
2018-12-24,0.16,4.56,1.35,33.6,34.9
2018-12-25,4.17,0.96,1.83,18.3,60.5
2018-12-26,0.25,2.53,3.73,19.7,68.1
2018-12-27,0.3,0.29,4.64,19.7,51.2
2018-12-28,3.94,3.31,2.56,35.5,53.6
2018-12-29,1.2,3.23,1.53,21.8,69.5
2018-12-30,2.95,4.4,3.03,16.5,64.1
2018-12-31,2.94,2.81,4.8,36.5,86.9
2019-01-01,4.09,3.74,0.56,37.0,44.3
2019-01-02,2.47,0.82,4.05,24.0,36.6
2019-01-03,2.66,2.68,2.23,31.9,50.4
2019-01-04,2.26,2.03,2.95,30.3,87.7
2019-01-05,1.09,2.35,3.26,31.1,36.8
2019-01-06,3.42,1.78,0.93,17.0,29.4
2019-01-07,2.37,1.18,4.19,18.2,53.0
2019-01-08,3.39,3.67,3.87,18.0,63.8
2019-01-09,4.93,2.62,0.36,26.7,82.6
2019-01-10,3.94,2.19,1.67,21.8,36.0
2019-01-11,0.31,2.02,0.54,34.7,60.2
2019-01-12,4.98,3.19,3.02,29.1,40.8
2019-01-13,0.71,0.99,2.05,32.1,66.8
2019-01-14,2.47,3.98,4.21,29.5,51.7
2019-01-15,4.4,1.91,1.1,15.8,70.7
2019-01-16,3.1,4.89,1.55,14.8,66.2
2019-01-17,0.15,3.36,3.92,17.2,82.4
2019-01-18,1.08,3.1,4.82,16.8,71.0
2019-01-19,2.7,3.77,3.94,23.7,87.6
2019-01-20,4.48,2.48,1.98,11.4,49.7
2019-01-21,2.26,4.63,1.02,38.4,59.1
2019-01-22,0.03,2.63,2.17,16.1,30.4
2019-01-23,2.2,1.6,3.01,38.4,20.7
2019-01-24,4.8,0.84,0.56,25.3,25.5
2019-01-25,2.52,2.45,4.41,18.6,51.4
2019-01-26,1.8,1.29,2.17,19.5,32.4
2019-01-27,2.03,0.44,3.26,37.2,30.2
2019-01-28,4.51,2.19,4.27,28.1,55.3
2019-01-29,3.95,0.64,2.56,39.5,23.3
2019-01-30,3.87,4.85,4.0,39.2,66.5
2019-01-31,4.73,2.58,0.22,29.5,20.1
2019-02-01,4.86,4.68,4.73,23.0,75.1
2019-02-02,3.11,1.49,1.46,36.6,70.1
2019-02-03,1.42,2.16,4.49,25.1,80.1
2019-02-04,1.28,1.22,3.49,33.3,86.7
2019-02-05,2.7,1.31,3.67,17.8,62.5
2019-02-06,1.49,3.63,3.66,24.2,21.2
2019-02-07,2.81,0.99,3.04,14.4,60.9
2019-02-08,3.33,2.66,2.56,12.7,39.2
2019-02-09,0.49,4.48,0.29,16.1,56.7
2019-02-10,3.49,2.68,4.61,27.8,64.0
2019-02-11,0.08,0.49,1.49,34.0,45.1
2019-02-12,0.22,0.79,1.13,22.6,86.6
2019-02-13,4.63,2.16,1.58,11.9,33.0
2019-02-14,0.46,0.21,4.38,30.0,77.7
2019-02-15,3.69,1.35,0.48,29.7,80.6
2019-02-16,4.39,0.84,1.91,18.6,22.6
2019-02-17,4.52,1.37,0.62,11.0,70.7
2019-02-18,2.67,4.92,0.26,29.0,36.4
2019-02-19,3.18,4.99,4.92,19.9,36.4
2019-02-20,1.02,3.48,2.29,26.0,70.3
2019-02-21,0.09,2.09,3.88,38.8,48.1
2019-02-22,0.98,1.43,4.27,25.8,50.1
2019-02-23,0.35,3.19,0.46,30.2,52.4
2019-02-24,3.78,3.02,1.26,34.7,65.6
2019-02-25,3.27,0.86,4.14,21.8,87.5
2019-02-26,1.79,4.54,4.36,27.9,32.0
2019-02-27,0.15,0.06,0.61,11.3,59.1
2019-02-28,2.1,1.28,0.99,23.8,56.2
2019-03-01,0.64,3.53,1.9,26.8,65.5
2019-03-02,1.08,0.19,3.95,19.5,34.6
2019-03-03,3.05,1.18,1.76,38.2,72.2
2019-03-04,2.1,2.32,3.25,14.2,56.1
2019-03-05,4.83,4.97,1.31,16.9,76.6
2019-03-06,1.34,4.86,4.46,24.0,80.6
2019-03-07,1.52,0.01,0.26,29.8,43.2
2019-03-08,3.86,0.32,3.88,22.6,78.0
2019-03-09,2.36,4.54,3.59,14.6,82.2
2019-03-10,3.74,2.66,2.69,21.7,45.1
2019-03-11,3.69,1.39,3.78,33.6,36.5
2019-03-12,1.78,0.25,2.73,10.7,61.0
2019-03-13,0.87,0.9,3.04,31.9,26.6
2019-03-14,0.83,3.6,1.68,20.2,58.6
2019-03-15,4.78,3.72,2.05,28.6,75.6
2019-03-16,3.7,3.59,4.11,38.8,67.9
2019-03-17,1.76,1.31,2.26,29.3,83.1
2019-03-18,1.81,2.16,1.0,13.7,37.0
2019-03-19,3.2,2.46,4.6,11.1,32.2
2019-03-20,3.81,2.11,0.65,13.4,36.1
2019-03-21,2.48,1.62,4.46,16.0,24.8
2019-03-22,3.99,2.44,4.83,16.2,41.9
2019-03-23,0.05,2.22,0.13,17.4,25.0
2019-03-24,2.29,3.0,3.34,26.5,27.5
2019-03-25,2.31,1.19,0.49,25.3,84.0
2019-03-26,4.77,1.63,2.19,21.9,72.9
2019-03-27,2.03,2.0,1.46,18.5,25.8
2019-03-28,0.19,3.65,3.66,20.9,45.0
2019-03-29,1.29,3.44,2.71,26.3,30.7
2019-03-30,4.69,0.96,3.69,11.7,80.5
2019-03-31,2.89,1.26,2.63,35.0,25.7
2019-04-01,0.88,3.77,0.33,34.3,23.4
2019-04-02,1.97,0.64,0.93,28.6,25.7
2019-04-03,3.35,1.23,4.82,14.1,73.6
2019-04-04,3.06,0.74,2.38,32.8,63.3
2019-04-05,1.67,1.46,2.8,16.8,62.8
2019-04-06,4.55,2.2,1.98,15.9,47.1
2019-04-07,3.82,1.16,3.02,22.5,37.5
2019-04-08,4.95,0.98,1.95,23.2,34.9
2019-04-09,1.19,0.6,4.5,16.1,89.9
2019-04-10,3.1,1.49,4.41,39.9,60.4
2019-04-11,1.0,3.71,2.86,25.9,25.7
2019-04-12,0.71,4.15,0.04,25.8,33.5
2019-04-13,3.55,3.51,2.22,25.3,30.2
2019-04-14,0.04,3.19,4.04,19.2,24.5
2019-04-15,0.71,0.69,4.57,10.6,32.5
2019-04-16,1.02,2.82,0.19,26.1,79.4
2019-04-17,4.73,4.35,0.04,29.0,89.0
2019-04-18,3.54,0.07,4.38,26.9,26.1
2019-04-19,4.91,0.29,2.24,37.0,59.8
2019-04-20,1.59,2.89,1.12,11.0,83.4
2019-04-21,1.14,1.93,0.07,37.1,45.0
2019-04-22,4.08,4.74,0.19,14.3,69.9
2019-04-23,0.4,2.37,0.15,31.1,62.0
2019-04-24,3.17,2.2,3.86,32.8,70.8
2019-04-25,3.8,1.17,0.67,23.5,82.9
2019-04-26,3.45,0.11,4.65,25.8,20.0
2019-04-27,1.13,0.47,1.24,12.5,66.8
2019-04-28,4.97,3.62,4.98,31.0,30.6
2019-04-29,2.02,0.91,4.06,31.0,81.3
2019-04-30,0.7,2.58,4.29,11.2,54.3
2019-05-01,2.4,0.25,0.56,23.6,85.5
2019-05-02,4.89,3.83,1.13,14.6,72.1
2019-05-03,2.86,1.32,3.12,20.8,41.6
2019-05-04,2.57,4.54,2.03,38.7,25.0
2019-05-05,1.94,0.11,0.77,37.9,37.3
2019-05-06,3.87,2.99,1.41,23.4,70.7
2019-05-07,1.84,4.04,4.39,29.3,65.9
2019-05-08,3.6,0.63,2.74,25.2,59.9
2019-05-09,1.52,1.24,2.09,36.0,34.3
2019-05-10,3.61,0.85,1.6,38.8,62.3
2019-05-11,0.79,1.11,4.83,26.1,84.7
2019-05-12,5.0,3.64,3.36,21.5,58.2
2019-05-13,4.75,1.83,1.28,17.1,33.3
2019-05-14,0.69,1.41,1.89,34.3,86.2
2019-05-15,1.86,1.53,1.67,19.5,83.5
2019-05-16,2.92,1.08,4.75,30.3,56.7
2019-05-17,3.8,1.14,1.08,28.8,45.5
2019-05-18,0.69,2.3,1.62,30.1,79.3
2019-05-19,1.68,2.62,0.81,10.8,61.2
2019-05-20,2.91,3.56,1.74,11.9,52.8
2019-05-21,3.34,0.15,2.48,32.7,52.3
2019-05-22,0.95,4.27,2.57,30.8,43.3
2019-05-23,3.95,4.03,2.02,38.0,73.1
2019-05-24,3.56,3.68,3.12,15.9,57.3
2019-05-25,1.64,4.28,2.13,20.8,33.3
2019-05-26,0.08,3.1,1.69,12.3,29.2
2019-05-27,1.35,4.93,0.41,38.3,68.5
2019-05-28,4.7,4.98,1.7,32.9,36.4
2019-05-29,0.62,1.28,4.4,19.9,23.6
2019-05-30,1.92,4.91,2.94,36.0,35.4
2019-05-31,4.11,2.53,1.13,20.6,28.5
2019-06-01,1.4,2.97,3.26,35.3,48.9
2019-06-02,2.6,2.63,2.61,33.4,85.5
2019-06-03,0.46,3.98,2.15,39.9,77.2
2019-06-04,2.21,3.93,0.33,18.0,84.7
2019-06-05,1.37,1.67,4.55,14.9,50.8
2019-06-06,2.57,0.59,0.18,36.6,35.9
2019-06-07,1.4,2.24,2.53,23.4,57.9
2019-06-08,4.25,3.07,1.4,15.0,36.4
2019-06-09,4.57,1.16,3.28,19.6,30.3
2019-06-10,3.62,4.27,1.18,36.8,21.9
2019-06-11,1.56,0.47,2.84,39.5,54.5
2019-06-12,1.76,1.78,3.6,19.5,76.7
2019-06-13,1.52,4.38,1.86,21.8,81.9
2019-06-14,0.84,3.46,1.03,30.4,26.5
2019-06-15,2.65,3.51,3.64,13.4,82.0
2019-06-16,0.73,3.29,4.2,26.0,38.8
2019-06-17,1.24,1.88,3.73,33.6,73.8
2019-06-18,2.95,1.12,4.24,22.1,37.6
2019-06-19,2.68,1.88,2.34,33.7,45.1
2019-06-20,3.99,3.98,3.43,10.4,70.1
2019-06-21,3.3,2.87,0.31,39.0,88.3
2019-06-22,1.34,4.71,3.18,16.2,57.3
2019-06-23,1.29,4.63,2.53,21.0,75.6
2019-06-24,2.51,2.42,4.42,32.6,57.0
2019-06-25,2.14,0.06,4.47,18.2,55.5
2019-06-26,1.14,3.07,4.58,33.5,35.3
2019-06-27,3.3,1.03,3.1,16.0,22.3
2019-06-28,2.04,0.93,0.16,37.3,50.5
2019-06-29,1.96,4.64,2.52,24.7,29.6
2019-06-30,2.58,2.57,2.14,17.1,35.5
2019-07-01,1.41,0.46,2.47,13.3,29.8
2019-07-02,2.47,1.74,0.61,25.5,26.1
2019-07-03,2.31,2.12,4.53,17.3,38.9
2019-07-04,1.68,2.02,2.19,33.9,79.4
2019-07-05,3.15,1.08,0.77,11.1,70.8
2019-07-06,2.82,0.3,1.34,19.3,39.9
2019-07-07,2.97,2.27,0.02,25.3,46.8
2019-07-08,1.42,4.02,2.71,15.2,40.0
2019-07-09,3.72,4.24,1.06,13.1,26.0
2019-07-10,0.1,1.67,0.85,10.3,87.0
2019-07-11,0.04,3.87,3.03,37.8,28.5
2019-07-12,4.21,4.75,0.59,19.5,65.6
2019-07-13,0.17,1.6,3.42,33.7,64.0
2019-07-14,2.33,0.04,3.42,22.7,75.9
2019-07-15,2.26,3.9,4.83,13.1,65.0
2019-07-16,3.08,3.24,2.56,17.5,77.2
2019-07-17,2.98,1.54,4.53,27.5,85.1
2019-07-18,4.91,0.87,3.47,11.0,79.3
2019-07-19,3.24,1.75,3.12,11.9,35.8
2019-07-20,1.31,4.94,1.98,10.2,51.1
2019-07-21,2.48,0.41,3.71,30.0,67.3
2019-07-22,3.02,3.96,3.23,29.6,77.7
2019-07-23,0.34,1.27,4.11,10.9,38.0
2019-07-24,3.15,2.87,3.66,26.4,23.7
2019-07-25,3.68,4.81,1.42,22.3,25.6
2019-07-26,4.83,0.61,0.86,13.0,50.3
2019-07-27,0.65,2.14,3.81,23.1,22.7
2019-07-28,1.8,4.21,2.12,29.0,33.3
2019-07-29,3.45,4.61,4.52,36.2,47.8
2019-07-30,1.74,3.74,3.69,37.0,89.0
2019-07-31,3.27,2.84,0.67,10.2,25.8
2019-08-01,4.26,3.77,0.88,23.9,44.0
2019-08-02,4.28,2.72,0.89,11.9,64.0
2019-08-03,2.89,3.47,4.21,38.5,43.4
2019-08-04,4.92,2.34,3.64,10.0,39.0
2019-08-05,3.82,0.92,4.18,27.2,83.0
2019-08-06,4.93,0.48,0.1,15.8,41.2
2019-08-07,0.57,4.2,4.24,13.6,59.7
2019-08-08,1.78,3.71,0.3,20.4,50.2
2019-08-09,1.14,4.87,4.61,17.5,51.1
2019-08-10,0.1,3.77,0.5,19.1,31.5
2019-08-11,2.78,2.04,1.19,40.0,75.4
2019-08-12,1.47,0.31,1.65,24.7,36.7
2019-08-13,2.42,1.29,2.34,32.9,28.3
2019-08-14,1.55,0.33,0.94,11.4,26.1
2019-08-15,0.69,2.64,2.03,38.2,42.6
2019-08-16,2.05,0.59,3.86,23.5,61.0
2019-08-17,3.22,3.89,4.31,29.7,45.8
2019-08-18,4.46,3.91,4.65,19.6,51.6
2019-08-19,3.75,2.01,0.76,21.2,86.7
2019-08-20,2.59,0.37,2.72,30.8,57.3
2019-08-21,1.27,3.4,3.37,20.2,21.6
2019-08-22,4.73,3.74,1.46,22.0,83.6
2019-08-23,1.72,3.82,1.43,15.9,84.3
2019-08-24,3.55,4.18,3.7,33.0,53.8
2019-08-25,2.81,3.96,2.17,32.9,32.4
2019-08-26,1.08,1.9,1.35,30.6,52.7
2019-08-27,3.32,4.65,1.62,38.9,64.2
2019-08-28,2.43,4.63,2.57,14.4,31.4
2019-08-29,1.06,3.84,0.78,28.0,35.1
2019-08-30,1.53,3.4,1.0,31.9,61.9
2019-08-31,1.72,0.18,0.17,13.4,68.4
2019-09-01,4.05,1.1,4.13,36.9,56.0
2019-09-02,1.99,0.14,2.62,12.6,69.0
2019-09-03,4.36,2.98,0.47,21.4,25.4
2019-09-04,1.19,1.95,4.0,13.2,26.7
2019-09-05,4.03,4.08,4.07,18.6,85.4
2019-09-06,0.91,2.77,2.97,39.9,48.5
2019-09-07,0.14,1.35,1.94,16.0,66.3
2019-09-08,3.19,2.55,3.73,13.7,56.0
2019-09-09,4.08,0.59,4.22,36.5,41.6
2019-09-10,1.99,0.94,3.72,30.0,23.3
2019-09-11,4.33,4.71,2.63,34.1,89.0
2019-09-12,3.35,1.06,3.85,15.2,57.8
2019-09-13,2.07,2.16,4.05,34.7,42.1
2019-09-14,4.31,2.4,4.45,20.6,70.4
2019-09-15,4.89,4.7,2.55,21.7,82.5
2019-09-16,3.52,2.67,1.27,39.4,55.1
2019-09-17,1.39,1.38,1.87,31.1,50.5
2019-09-18,4.15,1.24,3.65,21.0,78.9
2019-09-19,1.7,3.45,0.15,30.7,63.5
2019-09-20,3.79,1.64,3.39,24.2,80.0
2019-09-21,3.47,1.32,2.58,39.7,62.2
2019-09-22,0.95,3.86,1.31,27.0,69.9
2019-09-23,0.21,3.32,4.36,36.6,24.2
2019-09-24,4.36,1.6,1.65,26.8,58.6
2019-09-25,0.22,2.09,2.37,35.0,79.5
2019-09-26,0.38,4.63,0.04,33.7,68.1
2019-09-27,4.29,3.84,1.93,39.0,42.2
2019-09-28,3.84,2.46,1.33,32.0,49.6
2019-09-29,3.17,4.68,4.88,27.7,26.5
2019-09-30,1.64,3.33,1.36,15.0,41.6
2019-10-01,2.26,4.44,0.37,23.6,66.1
2019-10-02,3.05,2.83,1.93,12.7,40.5
2019-10-03,3.54,4.03,3.86,16.1,70.0
2019-10-04,2.57,0.06,3.27,21.9,74.1
2019-10-05,2.3,0.58,2.76,14.5,29.6
2019-10-06,2.37,3.04,3.81,30.6,64.6
2019-10-07,2.62,1.41,4.47,38.2,59.1
2019-10-08,3.42,2.51,0.83,39.4,53.6
2019-10-09,0.42,4.92,4.2,21.0,38.1
2019-10-10,1.83,2.65,3.22,31.1,36.5
2019-10-11,4.39,0.45,2.39,37.9,70.1
2019-10-12,2.38,3.99,3.83,24.2,56.0
2019-10-13,4.07,1.22,2.17,10.8,46.4
2019-10-14,2.19,0.2,2.99,36.1,31.3
2019-10-15,1.08,2.26,4.31,27.7,82.6
2019-10-16,1.24,1.74,3.0,29.1,20.5
2019-10-17,4.48,2.63,3.82,10.3,65.1
2019-10-18,4.16,0.36,1.08,22.5,72.3
2019-10-19,2.72,3.71,0.49,21.6,36.1
2019-10-20,1.86,3.63,1.09,18.5,37.6
2019-10-21,4.77,2.01,1.24,27.6,68.6
2019-10-22,2.43,4.13,0.4,13.8,52.8
2019-10-23,0.06,0.06,3.68,26.9,77.7
2019-10-24,1.13,0.46,4.12,37.9,25.0
2019-10-25,4.39,1.82,4.41,22.4,42.8
2019-10-26,4.35,1.06,0.73,19.5,67.7
2019-10-27,4.72,2.3,4.82,34.0,55.1
2019-10-28,1.15,3.07,4.74,35.0,65.9
2019-10-29,2.67,0.37,1.3,33.3,64.8
2019-10-30,4.81,1.2,0.92,11.1,44.6
2019-10-31,4.98,0.75,3.32,11.7,56.8
2019-11-01,3.19,2.34,3.99,16.4,25.3
2019-11-02,3.67,4.24,3.94,24.1,81.0
2019-11-03,0.99,1.12,4.44,27.7,41.4
2019-11-04,3.94,1.38,0.48,38.3,25.3
2019-11-05,0.56,2.42,2.47,28.3,61.2
2019-11-06,2.52,1.98,3.16,16.3,89.2
2019-11-07,4.35,4.68,2.11,20.4,43.7
2019-11-08,1.42,3.18,3.44,35.8,32.7
2019-11-09,3.54,2.19,2.25,16.2,42.8
2019-11-10,1.86,0.88,2.05,35.2,80.7
2019-11-11,4.37,0.27,3.83,25.0,40.5
2019-11-12,4.75,1.87,2.93,14.2,40.8
2019-11-13,1.98,0.54,1.61,11.7,40.9
2019-11-14,0.24,3.65,2.58,15.9,45.0
2019-11-15,0.23,1.58,3.49,22.7,50.8
2019-11-16,3.49,3.89,1.53,18.5,22.2
2019-11-17,0.07,4.4,3.51,30.2,39.3
2019-11-18,1.68,1.05,3.8,27.1,20.4
2019-11-19,3.96,0.21,1.76,11.4,36.8
2019-11-20,4.52,3.61,3.53,31.0,68.6
2019-11-21,0.72,3.5,3.32,21.0,66.4
2019-11-22,0.12,3.74,1.1,39.1,49.0
2019-11-23,4.91,2.96,4.37,15.4,40.1
2019-11-24,3.89,0.54,4.39,12.5,87.9
2019-11-25,3.48,1.68,3.2,26.9,37.8
2019-11-26,0.77,4.47,4.13,33.4,62.4
2019-11-27,2.41,2.84,3.49,29.9,37.1
2019-11-28,1.12,0.47,0.71,29.3,30.4
2019-11-29,3.62,3.79,4.87,25.3,68.5
2019-11-30,3.49,4.65,1.09,29.6,73.3
2019-12-01,2.87,1.11,4.8,13.1,31.9
2019-12-02,0.75,0.5,3.53,33.1,81.0
2019-12-03,1.03,1.88,1.19,10.3,56.8
2019-12-04,0.87,4.37,0.14,33.7,65.8
2019-12-05,3.4,1.5,1.07,32.4,76.7
2019-12-06,4.39,3.41,3.66,16.6,62.2
2019-12-07,0.41,3.29,4.87,23.8,71.7
2019-12-08,1.94,3.24,1.53,11.8,80.3
2019-12-09,2.13,1.99,3.61,15.5,86.2
2019-12-10,0.13,0.9,0.97,35.5,33.4
2019-12-11,4.7,4.59,2.01,16.3,32.6
2019-12-12,0.66,4.5,0.02,35.9,42.3
2019-12-13,4.05,0.96,1.2,17.4,27.9
2019-12-14,4.79,2.9,0.72,19.4,55.8
2019-12-15,4.16,2.7,1.06,37.2,21.9
2019-12-16,3.27,2.5,4.78,14.2,25.3
2019-12-17,2.85,1.52,1.83,36.2,68.1
2019-12-18,4.25,3.85,1.01,38.5,31.0
2019-12-19,2.06,4.19,3.05,36.8,89.4
2019-12-20,3.97,4.98,4.27,27.9,27.8
2019-12-21,1.59,4.71,3.32,22.6,29.8
2019-12-22,0.2,4.36,4.32,10.1,34.2
2019-12-23,4.46,4.33,4.33,34.4,72.7
2019-12-24,2.28,0.6,2.15,24.8,34.1
2019-12-25,3.93,3.32,3.85,30.7,31.6
2019-12-26,1.57,2.02,0.41,14.9,87.8
2019-12-27,2.15,4.33,0.13,31.9,33.4
2019-12-28,1.62,3.63,1.29,31.7,33.4
2019-12-29,3.63,0.22,4.55,13.1,42.3
2019-12-30,2.51,3.07,1.2,39.9,74.6
2019-12-31,3.85,1.35,1.41,16.2,25.5
2020-01-01,2.96,0.16,3.12,33.6,38.7
2020-01-02,3.37,0.86,1.61,35.6,69.4
2020-01-03,3.12,1.83,0.87,18.8,31.3
2020-01-04,1.91,0.03,2.49,26.5,57.6
2020-01-05,2.56,3.86,1.28,24.4,52.0
2020-01-06,0.98,2.33,2.28,37.4,48.0
2020-01-07,4.4,4.07,1.04,14.8,87.8
2020-01-08,2.55,4.9,4.41,18.0,24.5
2020-01-09,4.38,3.21,1.95,36.4,64.2
2020-01-10,1.43,0.54,0.13,21.8,64.5
2020-01-11,4.0,3.89,4.82,33.8,61.8
2020-01-12,1.87,1.98,2.53,10.8,25.7
2020-01-13,4.07,2.47,4.59,18.4,83.6
2020-01-14,1.06,3.64,4.7,26.9,70.4
2020-01-15,0.75,1.3,1.59,27.2,70.2
2020-01-16,2.5,4.74,0.12,28.4,39.8
2020-01-17,2.09,0.23,1.17,38.8,74.0
2020-01-18,0.52,0.54,4.03,31.4,51.5
2020-01-19,4.7,4.65,4.09,37.8,29.1
2020-01-20,4.65,3.65,1.5,39.2,44.0
2020-01-21,4.48,0.95,4.64,25.2,46.8
2020-01-22,3.71,4.48,1.52,27.9,69.0
2020-01-23,2.78,0.97,1.09,11.1,61.5
2020-01-24,0.68,0.36,3.42,21.9,82.6
2020-01-25,4.22,1.98,2.39,32.5,70.9
2020-01-26,2.69,0.53,3.27,17.6,24.5
2020-01-27,4.88,0.37,3.26,33.9,89.8
2020-01-28,3.31,1.39,4.0,32.5,53.3
2020-01-29,0.5,1.78,0.39,27.2,44.6
2020-01-30,1.45,1.72,1.19,23.3,89.5
2020-01-31,0.74,1.78,3.03,34.9,33.2
2020-02-01,2.68,3.9,3.4,38.6,65.9
2020-02-02,0.21,4.52,1.04,34.4,24.3
2020-02-03,3.3,1.06,1.89,19.9,45.8
2020-02-04,2.25,2.82,0.72,27.3,82.6
2020-02-05,0.1,1.47,0.17,36.1,88.3
2020-02-06,3.8,1.25,0.45,10.4,28.4
2020-02-07,0.06,2.1,3.75,37.0,22.9
2020-02-08,1.14,2.09,2.37,37.3,61.7
2020-02-09,0.25,2.89,4.46,28.5,80.8
2020-02-10,4.85,2.46,2.7,24.4,35.0
2020-02-11,4.78,0.37,3.6,35.1,48.1
2020-02-12,0.91,3.45,0.42,16.4,59.8
2020-02-13,0.77,0.54,3.56,38.6,84.6
2020-02-14,4.69,4.26,4.81,31.2,85.5
2020-02-15,4.86,3.12,3.47,37.3,68.8
2020-02-16,0.51,0.45,2.16,26.1,52.2
2020-02-17,2.01,4.82,4.46,39.4,37.1
2020-02-18,3.13,2.02,3.82,38.0,27.7
2020-02-19,0.22,0.17,4.04,30.7,68.3
2020-02-20,4.16,1.1,3.71,38.7,41.3
2020-02-21,2.93,2.47,3.72,23.4,87.3
2020-02-22,3.38,0.28,3.21,28.2,85.4
2020-02-23,3.28,0.89,2.3,35.6,63.8
2020-02-24,4.74,1.63,4.07,31.9,68.4
2020-02-25,1.42,4.11,2.49,33.9,68.4
2020-02-26,1.48,2.46,1.05,26.1,88.3
2020-02-27,4.06,3.12,2.98,11.0,57.1
2020-02-28,0.29,4.85,2.97,35.4,82.7
2020-02-29,1.71,2.95,3.52,23.7,81.9
2020-03-01,4.57,4.39,1.83,31.6,30.6
2020-03-02,1.62,2.42,1.7,20.9,73.3
2020-03-03,0.05,1.32,3.69,27.0,24.5
2020-03-04,3.53,2.0,1.8,26.0,60.9
2020-03-05,2.64,2.21,0.42,38.6,62.6
2020-03-06,4.14,3.26,4.31,20.1,73.8
2020-03-07,0.54,1.82,0.47,35.3,69.2
2020-03-08,3.3,3.19,3.67,11.8,89.3
2020-03-09,4.04,1.88,0.35,16.6,89.0
2020-03-10,2.94,3.38,2.8,29.0,81.8
2020-03-11,2.4,4.09,1.96,23.5,22.0
2020-03-12,2.98,1.55,0.26,39.7,21.3
2020-03-13,2.9,4.64,0.48,14.3,67.5
2020-03-14,4.78,4.27,1.7,29.4,83.9
2020-03-15,0.31,4.51,1.46,24.8,38.8
2020-03-16,4.08,1.41,4.26,39.1,71.9
2020-03-17,1.45,0.18,0.62,26.0,26.1
2020-03-18,2.4,4.42,1.44,29.1,74.2
2020-03-19,4.58,3.32,3.24,15.9,76.6
2020-03-20,1.08,1.7,2.85,17.7,82.1
2020-03-21,0.66,4.38,1.08,18.0,75.1
2020-03-22,2.99,2.7,1.19,38.2,22.0
2020-03-23,1.07,0.12,4.52,14.2,60.5
2020-03-24,2.31,2.65,2.43,11.4,83.4
2020-03-25,1.44,0.34,1.52,11.2,75.6
2020-03-26,3.72,1.47,1.49,17.3,70.1
2020-03-27,0.83,1.84,4.06,39.5,63.5
2020-03-28,2.91,4.3,2.56,28.3,26.4
2020-03-29,2.15,1.56,2.09,28.7,39.5
2020-03-30,0.28,1.28,3.53,20.8,70.8
2020-03-31,2.64,4.51,4.94,18.8,42.0
2020-04-01,4.07,3.17,4.99,32.0,50.3
2020-04-02,4.76,3.63,0.85,12.9,68.6
2020-04-03,3.4,3.44,4.94,17.1,54.4
2020-04-04,2.94,3.77,3.5,34.5,78.3
2020-04-05,1.06,2.43,1.48,27.5,33.6
2020-04-06,4.37,4.0,4.76,22.9,71.4
2020-04-07,1.5,4.65,1.17,24.4,23.9
2020-04-08,4.56,2.44,2.78,32.5,85.1
2020-04-09,2.99,1.05,1.57,15.5,42.2
2020-04-10,2.79,3.53,3.03,32.0,39.3
2020-04-11,0.36,3.68,2.34,31.8,66.5
2020-04-12,2.28,1.22,4.39,21.4,20.6
2020-04-13,2.78,3.34,0.25,34.6,87.1
2020-04-14,3.98,4.29,3.29,11.6,54.9
2020-04-15,2.25,4.19,4.02,38.5,77.4
2020-04-16,0.54,3.8,4.9,25.7,27.6
2020-04-17,1.79,0.16,2.35,26.7,39.3
2020-04-18,3.91,2.09,4.73,13.1,39.8
2020-04-19,2.29,3.59,1.39,26.6,70.6
2020-04-20,1.22,1.51,1.45,12.7,23.4
2020-04-21,3.74,1.31,3.18,22.0,52.6
2020-04-22,1.9,4.76,2.68,20.2,28.7
2020-04-23,2.71,4.86,1.7,15.4,41.0
2020-04-24,4.0,4.64,2.05,26.3,68.3
2020-04-25,4.11,4.55,4.72,31.7,63.4
2020-04-26,3.23,0.04,3.98,18.1,87.8
2020-04-27,1.46,4.71,3.13,13.5,33.5
2020-04-28,3.97,2.23,4.84,22.1,49.7
2020-04-29,3.86,4.47,0.81,13.8,72.1
2020-04-30,3.77,1.32,1.8,10.5,24.4
2020-05-01,2.88,3.62,3.64,13.6,49.8
2020-05-02,3.27,1.27,4.31,26.4,28.0
2020-05-03,2.17,2.51,1.01,32.9,80.2
2020-05-04,0.5,1.42,0.01,16.3,47.6
2020-05-05,2.39,3.35,1.8,23.3,25.5
2020-05-06,1.43,3.1,0.63,17.0,28.5
2020-05-07,0.52,1.83,3.68,13.6,63.3
2020-05-08,1.66,0.93,3.73,34.3,27.0
2020-05-09,1.63,3.08,0.44,38.4,88.8
2020-05-10,0.24,3.22,0.19,11.3,34.3
2020-05-11,2.4,4.65,1.36,29.2,35.8
2020-05-12,1.91,3.26,3.16,22.6,50.9
2020-05-13,1.16,4.06,3.93,35.1,23.8
2020-05-14,0.15,0.3,0.39,16.7,32.5
2020-05-15,3.58,3.21,4.81,11.6,57.3
2020-05-16,2.2,2.58,2.13,38.1,26.2
2020-05-17,3.03,3.28,0.41,36.5,38.5
2020-05-18,4.81,3.84,1.32,20.7,64.3
2020-05-19,2.77,1.0,0.14,20.7,62.4
2020-05-20,3.06,4.19,0.08,33.5,39.3
2020-05-21,2.08,2.87,3.06,37.1,42.6
2020-05-22,4.83,3.98,3.74,15.2,20.3
2020-05-23,3.05,1.47,2.3,14.0,78.3
2020-05-24,0.66,0.78,1.16,23.9,71.0
2020-05-25,2.62,3.35,2.59,38.1,41.2
2020-05-26,0.19,1.25,0.67,38.5,43.0
2020-05-27,0.33,1.0,4.81,24.6,76.6
2020-05-28,2.4,3.97,2.74,19.0,73.3
2020-05-29,2.17,0.76,2.6,22.1,25.2
2020-05-30,3.76,2.71,0.68,39.9,62.6
2020-05-31,3.01,1.58,1.7,27.6,63.0
2020-06-01,1.75,3.08,4.81,34.7,25.2
2020-06-02,3.92,2.67,2.28,32.7,53.1
2020-06-03,2.65,2.42,2.72,24.2,64.5
2020-06-04,3.96,3.15,0.52,34.6,68.3
2020-06-05,0.71,1.91,2.93,31.5,42.2
2020-06-06,0.6,4.12,0.09,13.8,81.7
2020-06-07,2.34,4.29,2.72,30.4,71.9
2020-06-08,1.64,2.03,2.63,15.0,38.0
2020-06-09,4.1,2.7,4.33,19.8,25.1
2020-06-10,1.96,5.0,1.51,34.5,31.9
2020-06-11,1.59,3.66,3.78,33.2,82.5
2020-06-12,2.22,0.06,1.6,26.5,86.2
2020-06-13,4.71,1.08,3.91,10.8,66.1
2020-06-14,2.16,3.86,4.35,35.0,64.6
2020-06-15,3.0,3.43,0.39,12.4,30.7
2020-06-16,2.71,1.84,3.2,39.5,37.1
2020-06-17,0.39,3.65,4.29,38.2,64.4
2020-06-18,1.29,0.23,0.85,17.7,37.0
2020-06-19,0.33,4.97,4.19,30.1,29.2
2020-06-20,2.58,2.44,1.97,22.1,48.9
2020-06-21,3.25,4.64,1.74,25.9,73.4
2020-06-22,2.43,2.04,1.01,11.1,75.8
2020-06-23,4.12,1.06,4.32,22.4,43.4
2020-06-24,2.02,3.62,4.04,27.3,67.6
2020-06-25,0.4,4.36,1.61,32.0,74.4
2020-06-26,2.95,4.82,4.42,21.3,56.1
2020-06-27,1.67,3.05,1.83,35.8,86.5
2020-06-28,4.75,3.7,2.13,25.9,68.4
2020-06-29,3.72,1.43,0.6,23.6,35.6
2020-06-30,1.89,1.46,4.62,36.5,67.6
2020-07-01,3.81,2.51,0.32,15.0,87.5
2020-07-02,2.45,2.39,4.21,27.9,24.4
2020-07-03,4.16,4.76,1.11,20.0,48.0
2020-07-04,1.23,1.6,3.16,22.1,57.7
2020-07-05,1.48,0.14,1.56,34.0,54.1
2020-07-06,2.32,3.6,4.06,18.1,34.0
2020-07-07,3.74,2.86,4.91,25.3,89.9
2020-07-08,4.21,0.47,2.66,23.8,48.1
2020-07-09,0.66,3.42,2.99,29.9,69.4
2020-07-10,4.31,0.36,0.52,22.7,56.8
2020-07-11,3.03,4.29,1.18,33.2,33.4
2020-07-12,1.2,1.19,3.67,19.6,48.8
2020-07-13,4.79,4.58,2.01,25.5,45.5
2020-07-14,2.58,4.64,4.19,27.5,39.4
2020-07-15,1.87,0.34,1.65,37.5,72.3
2020-07-16,2.45,0.81,2.87,18.3,24.1
2020-07-17,3.07,1.39,1.26,19.7,86.6
2020-07-18,0.26,2.18,0.38,26.2,39.1
2020-07-19,4.18,2.41,3.46,11.6,50.4
2020-07-20,4.59,3.34,1.43,20.4,48.2
2020-07-21,1.82,1.4,4.06,13.2,66.8
2020-07-22,3.17,3.19,1.05,32.3,72.2
2020-07-23,1.24,2.55,0.03,27.1,80.6
2020-07-24,2.08,3.64,3.95,23.1,30.0
2020-07-25,1.01,0.25,0.51,11.1,61.2
2020-07-26,1.82,3.98,4.17,38.2,37.4
2020-07-27,2.33,1.0,1.32,11.4,64.6
2020-07-28,2.42,2.98,0.61,18.5,32.4
2020-07-29,3.92,2.97,0.28,32.9,57.7
2020-07-30,4.7,1.54,4.0,25.3,52.0
2020-07-31,4.43,2.91,4.89,26.0,23.3
2020-08-01,2.45,3.07,4.88,33.7,45.8
2020-08-02,1.1,4.98,2.64,25.1,40.7
2020-08-03,4.2,3.64,0.43,37.4,53.2
2020-08-04,1.93,4.85,1.24,38.6,87.7
2020-08-05,4.83,1.92,3.64,32.7,64.4
2020-08-06,0.56,2.56,4.49,37.1,27.6
2020-08-07,0.94,1.56,1.8,12.1,73.8
2020-08-08,2.85,3.89,3.29,26.0,51.2
2020-08-09,0.62,4.17,0.86,24.2,69.1
2020-08-10,3.13,1.84,4.35,11.8,48.6
2020-08-11,0.48,1.66,4.0,22.9,78.8
2020-08-12,2.11,4.17,1.25,10.0,88.3
2020-08-13,2.74,4.34,1.46,23.8,54.7
2020-08-14,0.83,4.38,4.59,10.5,53.4
2020-08-15,1.39,2.63,1.15,18.4,80.5
2020-08-16,2.98,4.27,3.44,30.3,71.2
2020-08-17,0.7,1.67,0.13,39.7,65.6
2020-08-18,3.77,2.98,3.93,12.0,29.4
2020-08-19,2.08,0.53,2.33,28.0,60.8
2020-08-20,3.15,2.92,0.17,33.7,27.7
2020-08-21,4.75,2.81,2.3,11.1,88.7
2020-08-22,4.62,0.16,3.81,28.8,60.1
2020-08-23,4.07,3.91,4.02,15.1,87.7
2020-08-24,3.18,4.02,3.62,38.7,87.2
2020-08-25,0.75,1.33,1.92,34.4,59.8
2020-08-26,2.57,4.39,4.93,19.8,45.4
2020-08-27,4.2,0.37,4.46,30.0,80.3
2020-08-28,1.38,0.4,4.06,33.9,62.8
2020-08-29,1.72,0.64,2.32,14.9,65.9
2020-08-30,0.55,4.91,1.11,15.1,22.3
2020-08-31,0.51,1.84,3.27,17.9,22.3
2020-09-01,0.94,1.99,2.39,18.7,81.2
2020-09-02,4.54,0.67,1.66,38.1,56.8
2020-09-03,0.85,1.31,1.18,13.9,71.0
2020-09-04,3.84,3.87,1.04,36.3,31.7
2020-09-05,3.43,4.51,3.04,35.8,35.9
2020-09-06,0.69,0.88,0.77,20.6,59.6
2020-09-07,3.4,1.19,4.18,38.4,64.7
2020-09-08,4.4,1.1,4.82,32.8,88.7
2020-09-09,1.05,4.69,1.87,33.0,22.0
2020-09-10,4.69,1.1,1.17,14.3,42.4
2020-09-11,2.24,0.7,2.58,37.7,23.5
2020-09-12,4.67,0.71,3.99,27.4,24.9
2020-09-13,0.42,1.85,4.02,21.9,63.3
2020-09-14,3.61,2.44,2.77,25.3,26.7
2020-09-15,2.31,0.39,3.76,20.7,30.2
2020-09-16,3.99,0.8,4.33,24.8,47.7
2020-09-17,2.0,4.55,1.04,13.7,48.7
2020-09-18,0.83,3.16,0.77,32.4,72.8
2020-09-19,2.86,3.12,1.17,39.8,70.9
2020-09-20,1.83,2.3,4.06,23.4,63.3
2020-09-21,2.27,2.5,0.16,17.0,89.9
2020-09-22,1.6,4.56,3.19,32.4,63.9
2020-09-23,4.64,3.75,4.47,38.4,55.4
2020-09-24,2.71,2.71,0.84,10.3,38.8
2020-09-25,4.68,1.7,3.16,26.2,80.9
2020-09-26,4.71,3.84,2.28,39.6,44.0
2020-09-27,1.91,2.55,4.32,36.8,37.2
2020-09-28,0.49,4.46,0.48,20.0,49.1
2020-09-29,2.76,4.5,2.22,23.9,36.5
2020-09-30,4.73,2.82,3.46,31.1,87.1
2020-10-01,4.0,2.53,4.83,22.6,55.9
2020-10-02,2.62,4.38,2.93,12.0,76.2
2020-10-03,3.79,3.2,3.72,34.3,39.9
2020-10-04,0.25,2.36,4.04,12.4,74.1
2020-10-05,2.13,2.41,0.63,35.6,42.8
2020-10-06,2.79,4.9,1.17,11.5,72.0
2020-10-07,2.66,1.83,0.01,20.6,74.4
2020-10-08,2.57,0.67,2.03,21.5,24.4
2020-10-09,0.61,2.62,4.25,16.5,59.5
2020-10-10,2.12,0.38,4.48,35.8,40.5
2020-10-11,0.09,3.99,3.06,11.3,69.9
2020-10-12,1.75,3.89,0.44,34.2,65.7
2020-10-13,2.45,0.36,2.46,33.8,84.9
2020-10-14,4.44,1.18,2.48,15.1,72.0
2020-10-15,3.83,0.38,0.51,29.0,83.8
2020-10-16,3.96,3.33,4.54,16.7,77.5
2020-10-17,4.09,4.03,3.7,16.9,26.6
2020-10-18,3.14,2.23,4.83,20.6,31.8
2020-10-19,2.25,3.13,0.01,23.9,67.9
2020-10-20,4.39,4.24,1.68,24.7,52.4
2020-10-21,3.43,1.88,3.18,35.1,21.2
2020-10-22,4.88,2.42,4.26,28.5,86.6
2020-10-23,3.32,4.79,4.83,18.3,33.6
2020-10-24,2.18,3.38,3.79,30.9,74.9
2020-10-25,2.8,0.81,4.85,12.3,71.7
2020-10-26,3.85,4.33,3.95,28.8,52.7
2020-10-27,2.66,4.56,4.2,19.9,35.3
2020-10-28,4.24,0.16,4.38,31.3,58.0
2020-10-29,4.22,3.23,2.33,30.1,76.7
2020-10-30,0.64,1.3,1.6,18.4,60.7
2020-10-31,2.12,1.07,3.63,24.6,57.7
2020-11-01,1.13,3.8,1.52,32.6,46.0
2020-11-02,2.38,4.01,4.45,32.6,83.9
2020-11-03,2.37,0.23,1.69,33.8,40.7
2020-11-04,3.8,3.86,1.1,29.9,26.7
2020-11-05,1.31,1.69,4.73,11.5,61.9
2020-11-06,0.8,4.35,1.53,30.3,62.9
2020-11-07,3.49,1.16,1.46,38.2,76.2
2020-11-08,0.48,1.77,0.15,15.8,64.6
2020-11-09,4.39,2.17,0.51,14.5,36.6
2020-11-10,0.45,4.1,0.48,12.1,68.3
2020-11-11,4.7,3.46,0.21,20.8,34.3
2020-11-12,4.9,3.18,2.94,11.0,74.2
2020-11-13,1.2,2.45,3.37,15.5,31.1
2020-11-14,4.26,0.97,2.83,21.9,60.1
2020-11-15,4.33,0.68,1.09,27.9,85.2
2020-11-16,4.18,2.17,2.8,25.1,41.0
2020-11-17,0.11,3.41,1.87,22.2,59.3
2020-11-18,4.26,2.52,4.0,28.2,33.0
2020-11-19,2.59,2.67,2.77,24.4,69.6
2020-11-20,0.92,2.3,0.46,14.7,71.8
2020-11-21,0.62,3.03,4.77,26.5,25.5
2020-11-22,4.32,3.3,4.59,23.3,46.1
2020-11-23,4.61,0.78,3.46,34.8,27.8
2020-11-24,1.64,0.49,1.29,35.1,89.2
2020-11-25,2.08,4.12,0.11,10.3,62.8
2020-11-26,1.17,4.47,2.55,23.8,59.8
2020-11-27,4.44,3.65,3.37,35.9,86.6
2020-11-28,3.42,4.28,0.3,25.3,51.3
2020-11-29,4.9,3.69,0.03,36.1,54.3
2020-11-30,1.2,1.99,4.9,39.0,72.3
2020-12-01,0.95,2.57,4.13,30.8,37.5
2020-12-02,4.24,4.45,3.42,21.9,79.2
2020-12-03,1.04,4.14,0.12,25.0,38.6
2020-12-04,2.32,3.24,1.69,31.8,83.8
2020-12-05,1.27,3.52,1.19,18.9,40.0
2020-12-06,0.05,3.76,1.73,23.6,72.4
2020-12-07,4.41,2.6,2.9,13.8,23.9
2020-12-08,1.3,3.43,1.9,18.1,80.4
2020-12-09,4.26,1.5,1.61,17.5,86.0
2020-12-10,3.24,1.74,3.8,33.6,24.4
2020-12-11,3.58,1.26,2.27,23.2,34.4
2020-12-12,1.26,0.8,2.21,26.7,42.5
2020-12-13,4.93,3.86,4.23,11.4,65.9
2020-12-14,4.18,4.16,0.47,11.5,55.0
2020-12-15,2.55,4.56,2.98,33.5,22.9
2020-12-16,1.06,4.74,3.35,26.0,42.7
2020-12-17,0.58,3.27,3.43,22.7,43.7
2020-12-18,2.54,2.55,1.32,19.7,81.0
2020-12-19,4.7,4.18,4.72,35.5,89.5
2020-12-20,0.82,0.48,1.78,20.7,72.3
2020-12-21,2.14,4.32,1.79,37.3,21.1
2020-12-22,1.02,0.82,4.07,11.4,73.0
2020-12-23,2.17,0.84,0.06,17.1,63.4
2020-12-24,2.99,0.51,3.82,15.5,69.8
2020-12-25,2.12,4.13,3.31,32.2,22.2
2020-12-26,1.96,1.15,1.21,26.0,30.0
2020-12-27,2.81,4.09,0.64,38.7,63.7
2020-12-28,1.09,3.79,3.19,34.6,76.1
2020-12-29,4.56,4.35,2.09,34.1,33.1
2020-12-30,2.34,4.85,3.93,24.7,46.6
2020-12-31,2.18,1.06,3.87,18.9,78.3
2021-01-01,1.87,4.73,0.74,29.6,52.5
2021-01-02,4.63,4.0,4.59,34.8,24.7
2021-01-03,1.44,0.93,2.86,37.2,85.8
2021-01-04,3.23,2.62,0.83,23.1,66.2
2021-01-05,2.51,3.5,2.08,17.7,74.3
2021-01-06,0.36,4.45,2.92,39.4,82.4
2021-01-07,2.36,1.85,0.14,37.2,52.2
2021-01-08,1.74,0.8,0.54,37.0,47.5
2021-01-09,2.31,2.85,2.24,25.3,74.0
2021-01-10,2.38,2.69,2.44,25.5,42.9
2021-01-11,0.67,4.78,0.75,39.1,36.1
2021-01-12,2.38,3.97,1.23,28.1,35.4
2021-01-13,4.93,0.66,1.98,20.8,83.8
2021-01-14,2.04,2.89,0.94,34.2,52.9
2021-01-15,1.63,0.44,2.09,36.5,44.7
2021-01-16,0.1,4.43,4.92,14.5,60.6
2021-01-17,2.45,2.69,1.56,33.1,23.6
2021-01-18,4.22,4.69,4.37,30.7,30.3
2021-01-19,2.74,3.98,3.86,25.1,62.9
2021-01-20,3.88,3.53,1.49,17.8,63.1
2021-01-21,2.41,0.26,4.94,23.9,56.5
2021-01-22,0.56,0.17,0.22,34.8,52.5
2021-01-23,4.32,0.41,3.53,13.3,28.8
2021-01-24,2.91,0.1,0.23,14.2,56.3
2021-01-25,3.05,0.86,1.98,11.3,35.0
2021-01-26,2.81,0.38,3.54,26.6,57.7
2021-01-27,4.41,2.74,3.45,11.3,89.9
2021-01-28,1.8,4.03,4.6,12.3,31.4
2021-01-29,2.94,2.65,2.22,38.9,50.7
2021-01-30,0.05,2.01,1.55,24.6,44.5
2021-01-31,4.8,1.46,4.98,10.8,54.9
2021-02-01,4.07,3.74,0.77,31.8,82.9
2021-02-02,2.44,4.86,3.38,35.2,48.5
2021-02-03,2.16,3.38,1.66,14.1,24.5
2021-02-04,2.46,3.04,1.86,21.2,73.5
2021-02-05,2.03,0.79,1.23,14.9,64.3
2021-02-06,4.66,1.57,2.9,37.6,76.5
2021-02-07,0.87,4.74,1.05,27.8,82.7
2021-02-08,1.98,1.27,0.45,33.3,42.7
2021-02-09,3.3,2.29,2.83,12.5,38.9
2021-02-10,2.39,4.99,1.37,25.5,62.1
2021-02-11,4.27,1.02,1.11,15.0,26.6
2021-02-12,3.7,3.55,2.8,26.9,31.4
2021-02-13,3.41,0.14,1.46,25.9,86.3
2021-02-14,1.23,2.06,4.59,36.9,44.5
2021-02-15,1.15,1.68,1.42,31.1,31.3
2021-02-16,3.02,3.29,1.9,13.9,53.4
2021-02-17,4.85,2.73,1.42,36.7,77.2
2021-02-18,3.9,4.47,3.15,25.1,66.0
2021-02-19,1.67,3.94,2.11,32.3,69.3
2021-02-20,2.0,2.07,3.74,21.5,89.0
2021-02-21,0.84,2.63,1.84,14.8,70.0
2021-02-22,3.47,2.22,4.97,27.7,73.4
2021-02-23,3.32,1.32,4.36,39.6,35.2
2021-02-24,4.62,4.54,0.46,21.6,89.6
2021-02-25,0.47,3.59,3.88,14.4,27.9
2021-02-26,4.24,3.68,1.28,22.5,62.7
2021-02-27,0.59,5.0,0.83,28.0,24.9
2021-02-28,3.9,0.29,1.36,27.2,87.0
2021-03-01,0.89,1.9,3.09,33.8,63.1
2021-03-02,4.34,3.94,4.75,29.3,83.4
2021-03-03,0.57,2.0,1.86,10.6,25.6
2021-03-04,3.62,1.19,0.8,15.9,40.9
2021-03-05,3.35,0.79,3.63,35.3,43.4
2021-03-06,2.98,3.9,4.68,25.2,47.2
2021-03-07,4.91,0.91,3.19,15.2,61.5
2021-03-08,1.6,0.43,1.77,30.7,75.2
2021-03-09,4.87,1.43,2.0,35.6,20.7
2021-03-10,0.52,2.68,1.63,29.8,85.7
2021-03-11,0.47,4.91,0.23,15.4,71.6
2021-03-12,3.2,0.22,4.6,20.1,79.6
2021-03-13,2.01,3.04,2.58,36.6,71.5
2021-03-14,0.04,0.61,0.83,32.3,64.3
2021-03-15,0.97,1.88,0.3,38.4,83.8
2021-03-16,3.29,3.52,3.33,16.1,68.6
2021-03-17,1.78,0.81,4.54,37.8,82.4
2021-03-18,0.49,3.02,4.13,25.8,69.9
2021-03-19,4.55,0.16,2.54,31.3,23.5
2021-03-20,4.82,4.9,2.49,38.1,51.9
2021-03-21,2.57,4.31,1.77,11.9,76.0
2021-03-22,1.36,1.26,1.44,13.6,50.2
2021-03-23,3.92,4.97,1.48,39.4,66.6
2021-03-24,1.73,4.6,2.08,25.4,63.8
2021-03-25,4.64,2.03,3.89,12.3,32.4
2021-03-26,4.35,0.96,4.12,18.5,45.0
2021-03-27,2.49,1.34,1.1,16.6,69.6
2021-03-28,4.44,0.9,4.2,12.9,54.0
2021-03-29,2.09,2.27,1.87,13.4,21.0
2021-03-30,0.48,3.72,0.1,25.3,45.2
2021-03-31,0.89,4.13,3.74,13.5,66.4
2021-04-01,3.9,3.97,3.91,25.3,32.9
2021-04-02,0.29,1.01,4.8,39.5,59.8
2021-04-03,4.57,1.34,3.99,21.0,61.8
2021-04-04,0.35,1.17,0.27,38.9,61.8
2021-04-05,4.17,2.25,1.95,26.9,60.7
2021-04-06,2.64,0.19,3.15,27.3,48.5
2021-04-07,3.79,4.87,2.99,24.3,27.4
2021-04-08,3.81,4.29,1.67,33.2,77.0
2021-04-09,2.36,4.17,0.12,26.7,61.2
2021-04-10,0.46,0.92,2.53,11.5,31.3
2021-04-11,1.32,1.24,0.49,36.7,77.5
2021-04-12,3.17,4.56,3.39,33.3,67.9
2021-04-13,3.88,0.9,2.42,38.6,71.3
2021-04-14,4.99,3.53,3.22,32.2,68.4
2021-04-15,2.92,2.0,0.29,34.2,36.9
2021-04-16,0.63,1.9,0.35,31.3,55.9
2021-04-17,4.41,1.25,0.09,35.5,64.0
2021-04-18,3.16,3.0,3.5,33.8,87.6
2021-04-19,4.07,4.61,4.59,20.0,82.9
2021-04-20,3.07,1.34,0.62,38.5,48.7
2021-04-21,4.84,1.39,2.57,11.7,84.5
2021-04-22,1.81,3.32,0.1,21.0,79.0
2021-04-23,2.89,2.59,1.72,13.2,66.9
2021-04-24,2.82,4.14,3.19,28.2,30.7
2021-04-25,4.72,0.13,3.81,33.3,64.6
2021-04-26,1.18,0.79,1.55,11.6,56.8
2021-04-27,3.04,0.02,4.54,10.7,82.2
2021-04-28,2.62,0.33,3.1,12.6,78.1
2021-04-29,2.23,1.98,0.94,11.6,43.3
2021-04-30,0.14,4.18,1.07,11.4,68.3
2021-05-01,0.33,2.4,0.23,28.8,69.9
2021-05-02,2.79,3.75,0.44,38.9,76.2
2021-05-03,1.47,2.63,3.24,34.9,76.8
2021-05-04,4.89,2.73,1.29,16.6,89.7
2021-05-05,4.9,3.46,4.89,28.6,83.4
2021-05-06,4.35,3.82,4.61,24.3,78.4
2021-05-07,0.22,2.3,3.69,25.4,25.5
2021-05-08,0.33,4.53,3.07,11.4,66.9
2021-05-09,0.8,0.35,0.61,38.0,74.3
2021-05-10,4.13,4.87,4.13,29.7,55.3
2021-05-11,2.88,1.28,4.46,12.5,20.6
2021-05-12,2.43,2.86,1.16,15.9,35.0
2021-05-13,2.37,3.76,1.82,12.0,23.6
2021-05-14,1.59,2.1,4.35,22.7,72.6
2021-05-15,0.78,3.02,2.74,39.3,53.8
2021-05-16,4.0,4.97,3.56,21.8,25.3
2021-05-17,1.09,4.3,0.08,20.7,32.6
2021-05-18,1.98,0.18,4.51,31.7,25.6
2021-05-19,1.82,2.57,3.92,23.6,72.7
2021-05-20,1.18,0.64,3.38,32.7,89.3
2021-05-21,2.07,2.17,3.28,16.2,21.4
2021-05-22,1.75,1.36,3.09,33.6,47.7
2021-05-23,4.19,2.78,3.8,24.4,67.4
2021-05-24,1.82,2.99,1.14,18.2,44.9
2021-05-25,2.39,0.3,1.84,35.7,57.3
2021-05-26,3.92,2.21,1.45,19.7,45.3
2021-05-27,4.43,2.28,4.39,18.8,49.9
2021-05-28,3.36,1.39,0.29,26.7,30.6
2021-05-29,0.93,4.86,4.46,34.4,38.7
2021-05-30,4.98,1.73,2.14,37.3,37.4
2021-05-31,4.0,0.4,1.02,21.8,65.7
2021-06-01,2.29,2.78,4.94,22.6,33.4
2021-06-02,3.78,0.12,1.41,22.8,60.3
2021-06-03,0.71,0.73,4.1,37.6,67.0
2021-06-04,0.95,0.31,0.96,29.6,74.6
2021-06-05,0.76,3.85,4.93,28.8,29.0
2021-06-06,4.93,0.22,4.84,38.7,35.8
2021-06-07,3.47,2.79,4.93,17.6,68.8
2021-06-08,4.89,0.89,4.31,28.2,54.6
2021-06-09,1.91,4.69,2.53,17.7,46.0
2021-06-10,3.99,0.04,3.86,36.9,44.2
2021-06-11,4.63,3.42,4.48,39.8,39.3
2021-06-12,1.7,4.95,2.76,17.1,38.7
2021-06-13,1.11,0.93,0.22,37.7,84.9
2021-06-14,1.32,0.17,0.73,33.2,36.6
2021-06-15,1.12,2.99,3.98,24.5,66.0
2021-06-16,3.39,3.61,4.61,13.9,73.9
2021-06-17,3.38,0.67,1.23,11.2,33.1
2021-06-18,4.1,2.13,0.28,27.8,53.0
2021-06-19,1.91,0.62,3.43,19.4,25.1
2021-06-20,0.3,3.35,2.43,17.2,48.0
2021-06-21,0.52,4.89,4.09,39.5,76.1
2021-06-22,1.76,2.52,1.21,11.3,32.3
2021-06-23,4.61,1.59,1.63,35.8,21.0
2021-06-24,3.16,0.23,4.12,35.2,86.2
2021-06-25,0.76,1.58,2.01,39.1,67.0
2021-06-26,0.53,4.58,2.49,13.8,75.7
2021-06-27,3.72,0.12,4.26,30.2,88.7
2021-06-28,2.06,2.96,4.46,37.6,39.2
2021-06-29,1.21,3.05,2.88,30.3,58.8
2021-06-30,3.33,3.09,1.92,21.1,29.4
2021-07-01,3.36,1.48,4.15,35.5,79.5
2021-07-02,4.91,1.76,4.77,22.9,27.4
2021-07-03,3.31,4.17,3.13,16.1,33.2
2021-07-04,4.62,2.29,2.81,22.8,82.0
2021-07-05,4.57,1.9,2.32,31.1,41.9
2021-07-06,4.71,4.03,3.51,27.5,87.8
2021-07-07,4.71,0.65,1.7,34.9,82.4
2021-07-08,3.62,2.01,0.82,32.3,28.1
2021-07-09,2.45,2.59,4.1,22.8,37.3
2021-07-10,2.49,1.6,4.27,24.5,84.8
2021-07-11,3.57,3.73,3.89,31.9,54.9
2021-07-12,0.57,3.4,0.63,27.1,36.8
2021-07-13,2.5,4.33,2.54,24.4,30.2
2021-07-14,0.05,3.54,0.71,39.2,44.4
2021-07-15,4.4,3.03,4.45,30.0,70.8
2021-07-16,4.73,4.54,2.81,11.1,79.5
2021-07-17,0.5,1.04,4.25,33.1,26.1
2021-07-18,2.36,3.95,0.1,17.2,51.1
2021-07-19,3.71,0.26,0.17,29.3,83.0
2021-07-20,3.67,2.88,3.98,30.4,20.4
2021-07-21,1.74,3.51,1.46,16.9,35.3
2021-07-22,2.15,4.42,0.44,19.4,34.6
2021-07-23,3.67,0.72,4.45,29.0,60.3
2021-07-24,3.9,0.65,0.8,29.4,85.7
2021-07-25,2.56,1.71,3.85,18.5,65.2
2021-07-26,0.76,2.5,2.92,36.4,46.1
2021-07-27,1.99,2.13,1.71,22.1,37.6
2021-07-28,3.8,4.3,2.59,10.2,59.8
2021-07-29,3.34,1.87,4.26,21.8,25.6
2021-07-30,1.39,1.81,1.54,32.0,77.2
2021-07-31,3.58,2.24,2.34,29.3,54.0
2021-08-01,0.54,4.51,1.39,32.7,56.4
2021-08-02,4.07,0.38,3.53,11.2,37.9
2021-08-03,4.98,4.26,4.77,30.9,32.1
2021-08-04,3.43,4.36,1.97,11.3,53.5
2021-08-05,2.45,3.89,3.98,27.4,42.4
2021-08-06,3.85,2.2,0.14,35.5,27.9
2021-08-07,0.39,3.45,2.74,30.7,71.1
2021-08-08,2.53,4.87,4.21,34.6,55.1
2021-08-09,4.52,3.97,4.76,31.3,56.8
2021-08-10,2.37,3.49,4.4,30.3,85.7
2021-08-11,2.76,1.72,4.51,15.3,66.2
2021-08-12,1.69,0.48,1.15,23.1,84.8
2021-08-13,2.16,0.65,0.7,36.9,40.9
2021-08-14,1.42,4.41,2.01,19.6,38.5
2021-08-15,2.19,0.46,1.27,26.0,37.4
2021-08-16,4.12,4.29,2.83,13.0,48.8
2021-08-17,4.73,1.48,0.38,36.5,80.2
2021-08-18,4.41,0.45,2.06,28.8,71.6
2021-08-19,2.61,2.88,3.82,20.1,62.9
2021-08-20,1.57,0.34,2.42,14.4,56.9
2021-08-21,0.41,0.9,4.66,20.4,73.7
2021-08-22,0.1,4.11,4.39,30.3,29.2
2021-08-23,3.34,3.44,2.84,18.6,61.8
2021-08-24,4.39,1.76,1.09,24.6,84.8
2021-08-25,0.34,3.23,0.46,34.6,44.4
2021-08-26,2.3,0.38,0.04,15.6,46.8
2021-08-27,1.91,2.82,3.43,11.3,85.5
2021-08-28,0.55,1.9,3.31,22.4,24.9
2021-08-29,0.1,2.49,3.29,11.4,20.8
2021-08-30,1.55,3.61,1.03,11.7,54.2
2021-08-31,3.61,0.54,0.13,18.6,74.5
2021-09-01,3.37,1.92,3.78,37.3,44.6
2021-09-02,3.87,1.52,0.07,21.7,75.6
2021-09-03,2.2,1.61,4.9,35.0,74.0
2021-09-04,3.19,0.64,3.77,11.5,45.6
2021-09-05,3.05,0.65,0.25,25.2,49.6
2021-09-06,2.62,3.27,3.91,23.5,77.6
2021-09-07,1.48,3.96,0.54,32.0,87.8
2021-09-08,1.84,1.89,3.7,22.5,80.1
2021-09-09,0.76,0.43,4.26,21.5,77.6
2021-09-10,4.87,0.84,0.27,15.4,78.7
2021-09-11,3.75,3.2,4.04,28.6,66.1
2021-09-12,1.91,1.9,3.41,39.9,24.6
2021-09-13,1.89,1.15,4.05,31.0,62.5
2021-09-14,0.43,3.96,1.76,39.7,55.0
2021-09-15,1.74,4.44,1.81,22.2,53.5
2021-09-16,2.94,4.98,2.05,37.7,73.9
2021-09-17,1.14,4.75,4.1,16.5,29.9
2021-09-18,1.96,2.38,1.38,29.8,45.6
2021-09-19,0.86,2.68,1.28,22.3,61.7
2021-09-20,1.16,1.91,3.57,30.9,78.4
2021-09-21,2.99,0.17,2.59,17.4,47.5
2021-09-22,0.87,3.79,4.41,22.7,29.6
2021-09-23,2.48,4.61,2.65,22.5,73.5
2021-09-24,1.03,5.0,4.39,15.2,67.5
2021-09-25,3.08,3.0,1.87,24.9,87.4
2021-09-26,0.49,3.71,3.27,35.0,25.5
2021-09-27,4.87,0.32,2.27,21.1,28.7
2021-09-28,2.96,0.35,4.34,12.5,83.8
2021-09-29,0.48,3.48,3.53,23.1,78.9
2021-09-30,1.33,2.86,1.98,32.1,41.1
2021-10-01,1.6,2.86,3.14,24.6,79.0
2021-10-02,0.14,3.53,2.18,11.0,50.8
2021-10-03,0.09,3.53,2.26,36.8,64.0
2021-10-04,0.65,1.42,0.38,36.6,65.2
2021-10-05,3.26,4.94,3.31,37.8,27.2
2021-10-06,0.45,0.88,4.89,30.3,37.7
2021-10-07,2.73,4.63,4.87,25.4,57.9
2021-10-08,3.85,1.09,3.96,37.6,53.1
2021-10-09,4.43,4.29,1.07,30.5,89.9
2021-10-10,3.96,4.68,3.72,37.3,77.0
2021-10-11,0.95,0.05,0.16,34.6,23.3
2021-10-12,1.9,2.11,2.73,27.7,36.2
2021-10-13,3.22,1.48,4.34,22.7,28.9
2021-10-14,1.04,1.31,4.63,35.9,51.4
2021-10-15,2.77,0.83,0.28,29.5,45.5
2021-10-16,0.71,0.49,1.65,13.1,42.7
2021-10-17,4.41,0.23,1.52,37.0,77.4
2021-10-18,0.71,0.74,0.58,11.2,60.0
2021-10-19,4.08,2.52,2.41,22.4,82.2
2021-10-20,2.52,4.54,2.32,32.4,39.5
2021-10-21,0.03,4.27,2.42,16.1,66.6
2021-10-22,4.96,4.0,2.38,37.5,50.5
2021-10-23,0.65,1.8,0.86,11.8,35.2
2021-10-24,5.0,0.84,3.38,37.6,49.9
2021-10-25,2.4,1.07,1.47,11.1,34.1
2021-10-26,3.06,2.37,0.27,39.2,45.8
2021-10-27,4.76,2.38,0.21,27.8,49.6
2021-10-28,4.49,3.59,3.07,14.9,47.4
2021-10-29,1.59,3.32,3.17,18.3,60.4
2021-10-30,1.66,0.35,2.53,37.8,74.4
2021-10-31,4.62,4.37,2.73,24.6,82.6
2021-11-01,3.59,1.32,0.7,27.2,77.3
2021-11-02,2.22,3.97,4.07,36.0,82.3
2021-11-03,1.54,4.78,0.47,33.8,87.2
2021-11-04,2.95,2.7,0.03,26.7,38.7
2021-11-05,2.62,0.84,1.3,26.0,37.8
2021-11-06,3.94,2.93,3.75,38.8,50.7
2021-11-07,1.87,0.24,0.23,22.2,70.3
2021-11-08,4.36,1.61,2.27,18.9,76.1
2021-11-09,1.73,4.31,4.59,11.5,65.5
2021-11-10,4.75,0.88,4.06,35.4,29.5
2021-11-11,4.41,3.8,4.18,22.4,42.8
2021-11-12,3.15,4.25,0.43,36.8,66.9
2021-11-13,1.12,2.51,3.11,29.2,75.3
2021-11-14,2.07,4.22,0.66,18.6,71.4
2021-11-15,3.59,3.5,1.46,36.2,27.6
2021-11-16,1.37,1.63,1.33,10.7,82.0
2021-11-17,4.97,4.13,2.07,27.1,49.5
2021-11-18,4.58,2.93,2.84,25.0,35.2
2021-11-19,0.69,3.68,1.17,22.2,46.9
2021-11-20,1.69,0.92,4.3,21.3,49.0
2021-11-21,4.75,2.0,4.6,12.8,49.0
2021-11-22,2.07,0.01,4.22,14.8,58.4
2021-11-23,1.87,4.34,1.65,27.9,20.7
2021-11-24,0.05,0.51,0.4,12.9,67.4
2021-11-25,4.82,4.92,1.12,13.5,71.6
2021-11-26,3.16,3.72,3.13,25.9,89.3
2021-11-27,4.53,0.62,0.35,30.1,21.1
2021-11-28,2.89,1.78,1.7,31.4,42.8
2021-11-29,3.4,0.25,1.83,21.1,45.2
2021-11-30,2.07,1.58,1.93,27.6,85.4
2021-12-01,1.64,1.51,1.65,34.7,70.4
2021-12-02,3.91,3.21,1.15,39.0,57.9
2021-12-03,4.32,4.01,2.91,14.2,54.4
2021-12-04,1.76,2.97,4.29,28.2,52.7
2021-12-05,0.12,0.26,1.57,35.5,70.2
2021-12-06,0.93,1.19,1.35,32.6,86.5
2021-12-07,4.41,3.32,1.08,29.4,78.4
2021-12-08,3.25,0.64,1.43,35.3,25.0
2021-12-09,4.42,1.62,1.16,20.1,26.0
2021-12-10,0.54,2.34,4.82,31.7,42.6
2021-12-11,2.25,0.02,2.21,37.9,71.9
2021-12-12,3.96,2.65,3.45,24.2,71.0
2021-12-13,4.64,1.42,0.61,36.8,81.7
2021-12-14,1.82,2.85,4.24,11.2,44.5
2021-12-15,3.81,3.32,3.92,39.1,73.0
2021-12-16,2.64,1.98,3.13,23.8,54.8
2021-12-17,1.71,3.87,1.03,14.0,24.2
2021-12-18,0.56,1.42,2.63,20.6,81.6
2021-12-19,1.91,1.47,0.57,17.6,42.2
2021-12-20,0.33,3.08,1.0,24.5,80.2
2021-12-21,0.29,0.21,4.06,19.3,68.8
2021-12-22,3.95,4.98,4.68,26.2,86.3
2021-12-23,1.49,2.94,0.48,10.8,82.8
2021-12-24,0.22,0.11,1.73,10.3,76.5
2021-12-25,4.47,2.74,3.52,34.9,38.0
2021-12-26,3.22,3.87,1.06,28.5,87.7
2021-12-27,0.42,4.92,2.69,20.4,43.1
2021-12-28,0.72,2.21,1.32,37.9,36.2
2021-12-29,1.41,3.74,2.09,28.9,54.3
2021-12-30,1.97,4.94,1.0,29.7,52.4
2021-12-31,0.89,2.14,2.26,33.9,86.7
2022-01-01,1.45,1.72,0.9,34.6,37.4
2022-01-02,0.97,1.85,3.3,31.1,46.4
2022-01-03,2.15,3.32,4.66,30.0,53.0
2022-01-04,0.7,4.21,2.26,17.2,43.8
2022-01-05,3.78,2.29,2.76,24.4,72.7
2022-01-06,3.48,0.03,1.71,37.7,23.8
2022-01-07,1.64,2.06,2.8,30.5,37.1
2022-01-08,2.6,1.04,4.91,35.3,26.8
2022-01-09,3.23,0.82,0.25,21.5,45.3
2022-01-10,3.97,3.14,4.56,29.0,54.0
2022-01-11,2.39,1.96,1.22,16.5,27.6
2022-01-12,0.36,2.34,4.46,39.6,38.3
2022-01-13,4.82,1.82,1.62,13.9,87.4
2022-01-14,4.14,4.75,1.68,20.4,51.7
2022-01-15,3.25,0.9,0.39,15.8,45.4
2022-01-16,2.55,3.23,2.49,38.2,46.8
2022-01-17,0.9,3.75,4.45,37.9,54.8
2022-01-18,4.31,0.49,1.13,28.8,88.8
2022-01-19,4.0,1.64,1.93,16.0,54.6
2022-01-20,4.77,3.62,4.83,30.5,68.8
2022-01-21,3.53,3.91,3.05,12.3,79.5
2022-01-22,1.35,2.43,3.23,26.8,28.7
2022-01-23,2.85,3.57,3.49,20.6,27.7
2022-01-24,1.12,4.24,3.59,19.1,36.2
2022-01-25,3.27,0.31,1.41,33.3,46.5
2022-01-26,0.56,2.96,1.68,38.6,47.3
2022-01-27,2.36,4.11,1.82,39.5,28.6
2022-01-28,4.52,2.63,0.17,28.9,56.0
2022-01-29,2.0,0.54,1.3,34.4,77.9
2022-01-30,3.0,1.15,0.9,17.5,81.1
2022-01-31,0.76,0.23,1.79,31.1,47.6
2022-02-01,2.13,2.32,4.04,23.0,67.5
2022-02-02,2.61,2.5,1.06,32.0,61.3
2022-02-03,0.33,0.54,2.05,20.5,20.9
2022-02-04,2.7,0.89,1.38,37.6,23.3
2022-02-05,3.09,4.17,1.45,16.5,46.8
2022-02-06,3.41,0.87,2.22,39.5,82.8
2022-02-07,1.67,2.84,0.36,12.2,81.5
2022-02-08,3.82,1.83,0.26,24.6,82.3
2022-02-09,0.87,4.5,3.35,34.5,36.6
2022-02-10,2.68,0.88,2.68,33.8,80.7
2022-02-11,3.83,1.99,0.25,30.0,66.1
2022-02-12,4.09,1.24,0.83,21.0,79.7
2022-02-13,3.31,0.93,1.89,39.3,32.5
2022-02-14,0.28,0.03,0.81,31.8,79.7
2022-02-15,1.91,1.83,4.49,25.4,75.9
2022-02-16,1.34,4.78,4.19,20.2,62.1
2022-02-17,2.94,2.52,0.71,39.5,74.4
2022-02-18,0.52,0.67,1.44,16.1,89.3
2022-02-19,4.1,4.44,1.87,25.1,66.2
2022-02-20,0.1,3.6,0.96,18.7,88.0
2022-02-21,2.72,0.78,4.77,27.0,28.3
2022-02-22,0.42,4.93,2.86,29.1,33.1
2022-02-23,3.49,3.74,0.69,10.6,28.2
2022-02-24,4.21,4.87,3.8,19.2,26.3
2022-02-25,1.58,1.77,3.8,30.3,31.9
2022-02-26,0.17,1.06,0.19,37.0,87.2
2022-02-27,2.04,1.78,2.69,17.0,50.2
2022-02-28,1.73,0.56,0.32,12.4,54.1
2022-03-01,0.26,0.69,0.63,33.2,40.5
2022-03-02,0.72,1.19,4.68,33.5,52.3
2022-03-03,0.59,3.75,3.53,28.6,49.9
2022-03-04,2.53,1.08,4.87,21.5,32.2
2022-03-05,2.25,1.47,4.14,18.6,76.6
2022-03-06,4.84,2.38,1.0,11.5,81.7
2022-03-07,3.2,0.14,3.8,10.4,50.3
2022-03-08,0.85,4.43,3.39,20.7,79.6
2022-03-09,2.27,3.96,1.97,29.1,78.8
2022-03-10,4.78,3.37,1.7,24.6,34.5
2022-03-11,0.79,4.29,4.08,13.5,78.6
2022-03-12,0.9,0.25,0.25,13.7,58.4
2022-03-13,1.62,0.33,0.48,27.7,22.3
2022-03-14,3.62,0.58,0.63,30.4,71.1
2022-03-15,0.13,0.9,4.8,27.2,37.9
2022-03-16,1.94,0.24,0.77,28.4,60.0
2022-03-17,2.03,4.45,1.6,16.1,39.8
2022-03-18,1.48,0.82,2.3,12.6,46.3
2022-03-19,1.79,2.6,4.57,33.8,49.5
2022-03-20,1.04,2.8,2.81,36.7,59.3
2022-03-21,4.43,4.74,3.53,39.0,55.7
2022-03-22,4.13,3.01,4.78,11.1,21.0
2022-03-23,4.98,2.74,4.09,12.2,71.4
2022-03-24,2.27,4.31,4.33,34.1,68.9
2022-03-25,3.02,2.15,3.79,20.5,86.3
2022-03-26,3.43,4.89,3.15,28.9,82.8
2022-03-27,0.68,0.65,4.45,36.5,21.3
2022-03-28,3.48,1.75,1.63,32.6,37.8
2022-03-29,0.12,0.61,4.62,26.0,31.9
2022-03-30,4.01,3.02,3.29,28.5,46.0
2022-03-31,4.97,1.9,0.81,13.1,84.5
2022-04-01,3.54,0.13,2.42,27.6,40.5
2022-04-02,0.95,4.82,2.21,14.5,50.1
2022-04-03,4.16,0.92,4.19,33.9,53.8
2022-04-04,1.17,1.85,0.68,17.6,39.6
2022-04-05,1.73,2.59,2.5,29.3,49.3
2022-04-06,3.06,1.49,4.69,27.7,59.4
2022-04-07,2.38,0.95,1.37,36.1,66.4
2022-04-08,1.38,2.01,3.63,28.8,37.1
2022-04-09,1.46,1.16,0.41,28.6,39.0
2022-04-10,2.6,3.69,2.2,29.2,84.7
2022-04-11,3.87,0.74,0.09,26.7,30.5
2022-04-12,4.84,0.18,1.06,14.6,31.5
2022-04-13,1.06,4.61,3.51,23.1,35.3
2022-04-14,3.38,1.38,1.47,29.9,83.0
2022-04-15,0.51,2.81,3.91,32.8,20.9
2022-04-16,0.34,4.51,2.43,21.1,78.2
2022-04-17,1.23,4.07,2.0,13.3,89.0
2022-04-18,3.85,4.75,4.62,23.0,47.1
2022-04-19,1.89,1.52,2.64,21.1,43.3
2022-04-20,3.71,4.5,1.84,18.9,46.9
2022-04-21,3.31,1.5,4.46,28.2,45.7
2022-04-22,4.99,2.94,0.46,39.1,29.8
2022-04-23,1.86,1.0,3.87,33.9,27.1
2022-04-24,0.03,2.9,1.61,30.6,41.4
2022-04-25,2.85,3.54,4.79,32.6,75.8
2022-04-26,0.65,1.31,2.48,20.9,45.2
2022-04-27,4.62,3.81,0.84,30.0,35.8
2022-04-28,3.64,3.3,3.07,38.5,82.6
2022-04-29,4.43,4.6,2.24,23.0,47.6
2022-04-30,1.88,3.42,2.51,35.3,47.2
2022-05-01,2.54,0.61,3.73,17.2,59.8
2022-05-02,0.82,3.75,4.86,25.3,83.0
2022-05-03,2.26,1.25,4.83,22.0,70.9
2022-05-04,3.92,1.76,2.22,33.4,55.0
2022-05-05,3.06,2.56,0.08,35.2,85.7
2022-05-06,3.18,2.03,0.75,22.9,57.9
2022-05-07,4.97,1.62,0.21,26.2,66.0
2022-05-08,1.65,4.92,1.74,23.4,81.6
2022-05-09,3.81,0.26,4.99,33.3,65.4
2022-05-10,1.94,1.3,0.69,10.4,72.5
2022-05-11,1.09,1.68,0.97,34.6,38.6
2022-05-12,0.51,3.9,4.47,21.7,21.8
2022-05-13,3.69,3.7,2.92,14.5,48.2
2022-05-14,3.27,4.21,0.02,31.5,59.0
2022-05-15,1.41,1.72,0.33,10.4,53.4
2022-05-16,4.9,3.61,1.25,39.8,51.1
2022-05-17,0.28,0.7,1.4,20.4,49.7
2022-05-18,4.6,1.02,3.26,11.5,46.4
2022-05-19,0.9,1.63,1.33,38.3,29.3
2022-05-20,3.61,1.08,3.41,18.2,37.6
2022-05-21,2.95,4.62,3.28,30.5,39.1
2022-05-22,1.05,4.1,1.27,29.1,46.6
2022-05-23,3.8,1.13,4.35,26.0,43.5
2022-05-24,3.52,1.97,1.94,13.8,60.9
2022-05-25,3.17,3.62,0.88,38.2,79.1
2022-05-26,2.53,3.9,1.21,17.6,36.2
2022-05-27,1.01,2.04,0.61,32.1,30.1
2022-05-28,3.54,4.22,3.51,26.3,52.2
2022-05-29,3.75,1.5,0.4,28.8,68.9
2022-05-30,0.44,3.45,2.1,24.4,68.3
2022-05-31,3.07,2.83,4.83,39.6,69.0
2022-06-01,4.45,3.91,2.28,34.2,80.9
2022-06-02,1.02,2.6,0.78,34.0,36.7
2022-06-03,0.63,3.47,0.09,27.7,69.3
2022-06-04,2.42,1.57,1.09,31.6,50.8
2022-06-05,2.94,3.21,2.99,29.7,42.0
2022-06-06,0.42,3.83,4.59,38.0,49.4
2022-06-07,1.95,4.07,4.67,34.3,72.1
2022-06-08,1.6,4.91,3.16,37.6,39.5
2022-06-09,0.49,2.73,4.81,18.2,33.9
2022-06-10,3.28,0.81,2.48,39.4,62.0
2022-06-11,2.64,0.79,1.59,31.4,70.2
2022-06-12,3.87,1.51,3.26,19.3,37.3
2022-06-13,0.8,4.31,1.5,13.8,72.7
2022-06-14,2.39,4.96,4.04,36.0,70.5
2022-06-15,0.71,0.7,1.98,30.6,80.8
2022-06-16,4.27,0.93,1.88,25.4,33.7
2022-06-17,4.9,2.17,0.15,26.4,20.6
2022-06-18,0.09,2.55,3.77,33.1,37.5
2022-06-19,0.1,0.77,4.59,33.0,57.5
2022-06-20,2.26,1.08,2.86,27.8,77.8
2022-06-21,0.49,0.22,1.7,21.8,37.9
2022-06-22,0.33,1.16,4.49,34.8,59.5
2022-06-23,1.48,0.99,4.53,25.4,59.1
2022-06-24,1.89,2.02,4.34,14.9,81.7
2022-06-25,2.17,3.77,0.74,14.8,28.8
2022-06-26,1.85,1.86,0.56,13.1,66.0
2022-06-27,3.71,3.78,2.44,30.2,67.1
2022-06-28,3.48,3.72,0.85,29.6,42.9
2022-06-29,3.04,4.7,1.48,30.7,57.0
2022-06-30,2.76,4.29,2.23,37.6,37.6
2022-07-01,3.23,2.64,3.25,28.4,70.1
2022-07-02,1.54,0.04,4.9,27.8,80.0
2022-07-03,4.12,2.82,4.41,37.0,71.9
2022-07-04,0.89,3.27,2.73,12.5,60.4
2022-07-05,4.77,2.34,1.96,32.0,30.8
2022-07-06,4.46,0.97,3.47,27.5,37.7
2022-07-07,0.06,3.02,2.78,26.9,79.8
2022-07-08,4.96,1.54,0.95,23.6,50.1
2022-07-09,4.16,3.27,4.12,19.5,67.2
2022-07-10,4.96,3.58,0.68,20.3,21.9
2022-07-11,2.81,4.64,4.85,35.6,58.3
2022-07-12,4.2,1.58,2.15,28.2,76.3
2022-07-13,0.5,3.62,2.61,12.4,33.5
2022-07-14,4.58,0.39,0.81,22.7,56.8
2022-07-15,0.41,1.4,2.71,10.5,36.0
2022-07-16,3.1,2.23,2.78,15.0,88.3
2022-07-17,1.05,0.6,1.62,23.4,29.8
2022-07-18,3.2,1.41,2.34,18.2,39.1
2022-07-19,3.62,1.16,2.47,34.0,35.5
2022-07-20,3.33,3.14,0.74,33.7,79.1
2022-07-21,2.73,4.95,0.77,12.1,53.7
2022-07-22,4.96,1.01,0.48,17.4,70.9
2022-07-23,2.91,1.04,0.25,29.2,31.7
2022-07-24,0.63,1.06,1.85,27.5,64.7
2022-07-25,3.62,1.98,2.9,25.7,67.8
2022-07-26,4.15,1.62,2.93,23.5,86.2
2022-07-27,1.57,3.38,1.28,28.6,32.5
2022-07-28,4.81,3.9,2.75,33.3,65.3
2022-07-29,1.97,5.0,4.63,31.1,54.1
2022-07-30,4.02,0.39,4.53,36.5,21.6
2022-07-31,4.56,1.58,3.49,19.8,64.7
2022-08-01,2.53,1.78,1.93,15.7,43.3
2022-08-02,4.42,4.12,1.12,10.8,87.9
2022-08-03,3.67,3.78,4.06,37.4,45.0
2022-08-04,3.04,3.06,2.2,35.3,59.7
2022-08-05,0.61,0.64,3.37,23.8,47.4
2022-08-06,4.0,1.12,2.66,20.4,20.7
2022-08-07,1.98,4.94,1.89,16.0,55.0
2022-08-08,3.09,1.93,3.95,11.2,39.4
2022-08-09,1.54,1.41,1.85,30.2,60.3
2022-08-10,4.64,2.84,0.75,26.6,86.0
2022-08-11,1.76,0.57,2.35,23.1,67.1
2022-08-12,1.46,4.25,4.96,14.3,74.8
2022-08-13,1.13,2.59,1.3,38.1,29.1
2022-08-14,0.8,0.22,3.89,10.7,22.2
2022-08-15,1.17,4.56,2.92,11.6,65.0
2022-08-16,0.7,1.13,4.02,16.4,70.3
2022-08-17,0.07,2.67,3.06,22.0,56.0
2022-08-18,0.52,4.14,3.19,18.7,79.6
2022-08-19,0.72,3.82,4.26,34.1,50.2
2022-08-20,3.83,1.54,3.05,27.0,44.8
2022-08-21,3.95,2.81,4.33,33.1,49.4
2022-08-22,4.16,3.38,4.77,11.1,89.7
2022-08-23,3.55,3.71,4.28,12.4,63.8
2022-08-24,1.16,3.38,1.48,10.1,63.8
2022-08-25,4.25,4.86,4.43,25.6,77.1
2022-08-26,1.14,3.94,4.64,12.4,56.5
2022-08-27,4.36,3.23,2.51,16.1,40.3
2022-08-28,4.77,2.99,4.58,26.9,21.6
2022-08-29,4.57,2.25,3.25,15.0,75.8
2022-08-30,2.9,0.63,4.67,17.9,42.3
2022-08-31,0.24,2.78,1.28,21.6,61.3
2022-09-01,2.93,0.04,3.1,36.7,58.2
2022-09-02,2.5,3.97,1.02,33.3,47.7
2022-09-03,3.42,3.78,3.21,11.6,54.7
2022-09-04,1.98,4.9,4.28,38.1,42.9
2022-09-05,1.35,3.24,4.28,36.7,33.9
2022-09-06,3.68,4.88,1.62,34.5,64.6
2022-09-07,3.35,4.27,1.1,14.1,59.0
2022-09-08,4.4,4.36,3.03,23.4,20.4
2022-09-09,4.63,2.33,0.6,27.1,88.4
2022-09-10,2.62,4.05,0.72,37.5,61.0
2022-09-11,2.16,0.43,3.33,38.0,67.5
2022-09-12,4.8,2.95,4.54,37.6,30.8
2022-09-13,4.52,4.63,0.86,11.4,29.9
2022-09-14,3.72,4.71,3.12,14.2,36.3
2022-09-15,3.36,0.12,2.13,36.2,32.4
2022-09-16,3.05,0.88,0.5,13.5,42.7
2022-09-17,0.05,0.73,2.31,33.0,39.3
2022-09-18,4.0,0.19,0.53,18.6,71.0
2022-09-19,0.9,4.95,1.14,14.2,30.6
2022-09-20,1.45,2.46,0.5,36.2,32.2
2022-09-21,4.39,0.77,3.03,20.0,46.8
2022-09-22,3.98,4.2,3.86,13.1,69.2
2022-09-23,2.38,1.99,3.26,12.9,71.7
2022-09-24,1.02,2.38,1.72,11.1,71.8
2022-09-25,0.71,3.93,0.17,32.4,30.4
2022-09-26,0.75,3.78,4.11,21.8,20.6
2022-09-27,0.82,3.17,0.56,21.8,37.3
2022-09-28,4.02,0.58,3.78,38.8,66.5
2022-09-29,1.63,1.59,3.51,26.1,48.6
2022-09-30,1.53,2.18,0.13,32.3,37.9
2022-10-01,4.44,0.42,3.98,10.7,30.1
2022-10-02,4.3,0.12,4.07,14.0,62.3
2022-10-03,1.29,3.68,2.54,26.9,69.0
2022-10-04,4.86,2.3,0.75,26.6,86.5
2022-10-05,3.18,0.7,3.26,20.5,38.7
2022-10-06,0.09,0.85,0.79,24.1,26.4
2022-10-07,4.62,3.65,2.68,37.2,50.4
2022-10-08,4.63,0.04,3.11,17.3,83.2
2022-10-09,2.96,4.6,3.55,35.8,35.2
2022-10-10,4.53,4.81,2.78,18.1,27.4
2022-10-11,1.93,0.64,1.71,31.4,66.1
2022-10-12,2.6,1.02,1.88,13.1,61.2
2022-10-13,2.61,4.58,1.54,18.4,30.7
2022-10-14,4.74,4.36,1.83,14.8,24.4
2022-10-15,0.89,3.81,4.09,19.0,84.0
2022-10-16,2.18,4.46,3.9,26.8,71.8
2022-10-17,4.14,4.69,3.89,14.1,25.9
2022-10-18,4.32,3.81,1.2,36.0,31.1
2022-10-19,2.07,4.1,0.11,11.6,29.9
2022-10-20,2.95,4.73,3.57,10.7,48.6
2022-10-21,2.69,1.83,1.54,37.8,37.9
2022-10-22,3.52,1.26,2.01,16.7,38.0
2022-10-23,3.22,0.48,4.84,10.9,86.9
2022-10-24,3.33,3.79,1.19,11.7,62.5
2022-10-25,0.38,4.81,4.68,15.3,45.0
2022-10-26,4.17,0.25,1.21,24.2,80.0
2022-10-27,3.7,2.58,0.78,13.8,86.5
2022-10-28,3.63,4.79,2.58,11.4,64.3
2022-10-29,0.67,1.11,1.1,37.1,37.8
2022-10-30,1.62,0.59,1.53,24.0,78.6
2022-10-31,4.24,1.01,4.08,37.1,29.6
2022-11-01,3.54,2.18,1.57,28.0,75.8
2022-11-02,3.13,2.16,0.18,24.0,87.0
2022-11-03,1.13,0.86,4.63,16.5,57.0
2022-11-04,1.79,3.49,0.62,13.3,88.1
2022-11-05,1.38,4.92,3.47,17.1,75.0
2022-11-06,2.37,0.54,0.08,37.0,33.3
2022-11-07,2.23,1.65,3.52,14.9,79.4
2022-11-08,3.34,4.6,4.72,31.0,78.1
2022-11-09,0.94,4.65,3.56,38.2,81.5
2022-11-10,3.29,0.15,3.97,21.8,56.0
2022-11-11,1.69,0.14,1.67,12.4,76.4
2022-11-12,2.99,3.75,0.52,17.1,89.7
2022-11-13,2.35,2.44,1.28,10.5,73.4
2022-11-14,0.26,4.0,3.61,21.5,65.3
2022-11-15,1.73,3.57,0.36,16.5,87.7
2022-11-16,3.74,0.27,3.65,37.9,26.6
2022-11-17,4.42,4.89,3.2,37.5,74.3
2022-11-18,0.12,4.92,0.56,30.7,35.0
2022-11-19,0.23,0.8,2.8,24.4,87.6
2022-11-20,3.67,2.46,1.85,37.1,53.3
2022-11-21,3.21,2.72,1.78,13.2,32.8
2022-11-22,0.07,2.11,4.57,28.7,80.2
2022-11-23,1.09,0.14,2.44,29.3,49.3
2022-11-24,1.41,2.19,1.98,32.4,68.2
2022-11-25,0.27,1.58,3.11,11.8,23.4
2022-11-26,1.38,2.05,3.01,32.0,61.8
2022-11-27,0.65,3.41,4.9,35.4,28.4
2022-11-28,0.06,1.18,4.16,12.9,40.9
2022-11-29,3.26,1.82,2.32,31.6,79.9
2022-11-30,0.75,3.19,4.96,28.1,81.2
2022-12-01,2.96,3.72,2.58,19.5,24.8
2022-12-02,3.22,0.7,3.33,36.7,68.8
2022-12-03,2.29,2.89,2.64,33.2,83.6
2022-12-04,2.55,1.25,3.18,26.6,70.1
2022-12-05,1.12,3.02,3.51,12.8,58.0
2022-12-06,2.05,4.13,3.64,18.5,82.9
2022-12-07,4.46,2.5,4.38,16.1,52.9
2022-12-08,0.76,1.85,2.7,34.1,41.1
2022-12-09,0.34,4.19,4.74,32.5,76.5
2022-12-10,2.39,1.87,3.62,16.4,54.3
2022-12-11,4.54,0.06,3.91,32.5,87.5
2022-12-12,3.58,1.72,0.99,27.7,73.3
2022-12-13,2.89,2.69,2.37,29.0,29.0
2022-12-14,0.77,1.47,4.61,24.7,44.1
2022-12-15,0.4,4.91,4.05,12.5,49.1
2022-12-16,1.9,3.09,3.4,33.0,21.6
2022-12-17,2.52,1.7,3.4,22.5,48.6
2022-12-18,3.87,4.32,4.34,21.6,56.6
2022-12-19,1.66,2.54,0.75,22.6,41.5
2022-12-20,2.96,1.45,1.04,38.3,36.5
2022-12-21,0.23,2.96,1.68,10.1,23.4
2022-12-22,2.77,1.28,4.03,25.9,64.2
2022-12-23,0.6,1.14,0.13,18.8,80.6
2022-12-24,2.46,0.42,2.37,24.0,34.4
2022-12-25,0.59,2.41,3.24,19.1,33.7
2022-12-26,1.78,3.1,2.21,34.1,38.7
2022-12-27,4.37,4.86,2.6,39.5,51.9
2022-12-28,4.47,2.93,3.21,37.6,78.9
2022-12-29,1.21,0.32,1.88,14.6,61.6
2022-12-30,0.04,2.2,2.28,14.5,80.7
2022-12-31,0.39,4.54,2.68,33.7,88.1
2023-01-01,1.96,1.39,1.74,23.4,52.6
2023-01-02,3.78,2.42,3.14,25.8,46.6
2023-01-03,4.51,0.31,4.37,37.1,79.3
2023-01-04,2.78,4.28,2.86,39.0,75.9
2023-01-05,2.71,0.12,0.53,38.1,21.9
2023-01-06,3.45,0.04,0.71,27.8,80.6
2023-01-07,3.18,2.08,1.54,25.8,75.0
2023-01-08,1.96,4.4,4.11,36.7,54.1
2023-01-09,2.37,3.23,2.03,38.8,62.0
2023-01-10,2.24,1.35,0.36,37.6,35.4
2023-01-11,1.6,2.57,0.85,16.7,71.8
2023-01-12,1.77,1.83,4.83,22.0,52.3
2023-01-13,2.36,1.24,4.79,26.1,61.4
2023-01-14,3.2,3.29,2.75,15.6,40.8
2023-01-15,0.41,3.27,3.48,16.2,26.1
2023-01-16,1.36,2.85,1.92,33.2,81.1
2023-01-17,2.26,3.77,0.52,33.7,46.9
2023-01-18,1.03,3.01,3.25,19.6,77.4
2023-01-19,4.47,3.82,4.95,22.4,53.2
2023-01-20,2.79,1.67,4.45,27.1,71.2
2023-01-21,4.47,0.96,3.56,36.9,82.6
2023-01-22,2.44,4.23,4.76,34.3,25.7
2023-01-23,0.83,4.55,0.65,25.2,23.2
2023-01-24,2.98,1.31,4.93,23.9,38.0
2023-01-25,0.08,1.49,4.16,25.6,62.8
2023-01-26,2.86,2.78,0.5,20.1,22.8
2023-01-27,0.85,3.8,4.08,23.8,80.5
2023-01-28,2.5,4.85,2.7,38.4,76.3
2023-01-29,1.7,2.35,4.85,29.9,23.0
2023-01-30,4.46,1.43,2.57,33.6,33.8
2023-01-31,1.41,0.98,3.38,26.5,33.9
2023-02-01,2.64,1.36,4.89,30.5,40.4
2023-02-02,1.3,0.72,1.32,25.6,38.6
2023-02-03,1.53,3.98,4.06,37.2,35.9
2023-02-04,0.63,3.72,3.05,17.3,73.3
2023-02-05,4.27,2.41,3.28,28.8,64.1
2023-02-06,2.11,4.89,1.36,18.0,31.7
2023-02-07,4.62,0.74,3.29,11.1,60.9
2023-02-08,2.89,1.66,2.99,18.7,84.8
2023-02-09,2.03,3.6,2.49,29.1,44.9
2023-02-10,2.56,0.46,0.19,22.9,71.2
2023-02-11,3.37,4.93,2.28,22.5,86.8
2023-02-12,2.75,0.65,4.63,34.6,82.9
2023-02-13,2.52,4.38,0.93,35.1,72.3
2023-02-14,4.54,0.5,0.21,27.2,76.2
2023-02-15,4.47,4.11,4.42,23.9,41.6
2023-02-16,4.83,2.57,1.57,22.4,36.8
2023-02-17,1.06,2.97,1.84,22.2,63.1
2023-02-18,4.14,4.74,1.21,33.6,71.0
2023-02-19,4.38,0.57,1.95,29.6,56.0
2023-02-20,2.08,4.63,0.52,34.7,34.2
2023-02-21,0.92,3.29,2.73,14.9,22.6
2023-02-22,3.58,0.4,0.7,35.6,60.5
2023-02-23,2.34,0.49,3.95,30.4,88.4
2023-02-24,4.76,1.37,0.69,31.2,75.1
2023-02-25,1.16,3.93,0.69,22.0,82.2
2023-02-26,2.96,2.28,0.46,17.9,48.6
2023-02-27,3.22,3.96,2.3,36.3,71.2
2023-02-28,0.32,3.33,2.59,11.4,24.7
2023-03-01,2.14,3.83,3.65,21.4,35.8
2023-03-02,4.78,4.14,4.76,30.1,77.7
2023-03-03,3.38,4.21,4.52,38.8,41.6
2023-03-04,2.53,3.03,3.06,11.4,36.0
2023-03-05,1.98,0.69,4.4,16.8,76.0
2023-03-06,1.73,3.9,1.71,20.6,35.5
2023-03-07,0.49,2.05,3.03,24.1,77.4
2023-03-08,4.8,0.92,4.25,32.7,39.0
2023-03-09,2.3,3.43,0.44,25.7,86.8
2023-03-10,2.99,2.08,1.07,34.6,37.6
2023-03-11,1.93,2.14,0.77,31.9,69.4
2023-03-12,0.87,2.92,4.06,10.3,68.8
2023-03-13,3.52,3.72,2.86,14.5,33.2
2023-03-14,1.65,1.94,0.52,38.7,58.7
2023-03-15,3.62,1.38,3.99,22.8,79.5
2023-03-16,2.9,1.47,4.44,23.0,37.8
2023-03-17,2.85,2.99,0.09,12.0,68.6
2023-03-18,0.25,0.47,3.85,13.0,75.6
2023-03-19,3.56,1.42,0.05,28.9,43.4
2023-03-20,0.85,4.54,1.41,23.8,79.7
2023-03-21,3.21,4.55,4.54,14.7,53.3
2023-03-22,1.42,1.42,4.53,32.8,70.0
2023-03-23,2.69,3.02,0.68,17.9,62.4
2023-03-24,2.59,2.81,0.97,16.6,64.9
2023-03-25,2.07,0.96,0.75,12.3,35.0
2023-03-26,3.65,1.82,0.99,34.9,72.8
2023-03-27,2.59,3.89,2.56,37.0,80.6
2023-03-28,3.87,0.81,1.29,31.1,24.2
2023-03-29,3.84,2.42,2.57,32.5,51.7
2023-03-30,2.12,0.94,3.2,38.8,42.2
2023-03-31,0.68,0.65,3.12,30.8,36.8
2023-04-01,1.78,1.61,4.72,21.7,40.3
2023-04-02,2.3,3.11,1.64,23.6,68.4
2023-04-03,0.22,4.8,3.76,35.0,72.3
2023-04-04,3.04,3.73,3.78,37.2,62.0
2023-04-05,2.89,4.34,3.47,22.7,37.8
2023-04-06,3.87,3.18,4.74,27.7,51.0
2023-04-07,4.63,4.52,3.1,15.2,49.8
2023-04-08,2.01,3.27,2.29,16.3,37.7
2023-04-09,3.56,3.11,2.3,25.1,88.8
2023-04-10,2.47,3.83,4.2,16.5,66.8
2023-04-11,1.46,4.94,2.73,27.7,63.5
2023-04-12,4.65,3.5,2.49,13.4,86.7
2023-04-13,4.64,4.87,0.97,20.7,83.5
2023-04-14,4.11,2.46,1.12,25.1,40.1
2023-04-15,2.91,0.45,3.23,22.9,78.0
2023-04-16,0.13,4.61,4.9,38.5,38.1
2023-04-17,0.5,0.68,0.59,28.3,86.9
2023-04-18,2.5,1.74,3.86,22.8,87.0
2023-04-19,3.36,4.93,4.96,26.4,76.9
2023-04-20,1.03,2.53,1.46,35.0,62.4
2023-04-21,3.98,4.96,4.98,30.2,58.1
2023-04-22,1.43,2.41,4.94,19.3,82.2
2023-04-23,1.17,3.87,4.75,22.8,22.9
2023-04-24,1.93,2.03,2.37,34.4,69.8
2023-04-25,4.42,4.51,4.72,10.9,76.9
2023-04-26,2.85,0.01,0.46,18.5,29.6
2023-04-27,4.66,2.25,2.07,22.5,76.8
2023-04-28,1.73,3.56,3.41,25.8,37.1
2023-04-29,0.08,4.56,1.55,22.2,64.8
2023-04-30,3.93,4.13,4.36,24.4,53.8
2023-05-01,0.26,4.9,3.48,13.6,67.1
2023-05-02,4.6,1.93,0.33,39.4,37.6
2023-05-03,4.73,2.27,3.17,32.4,37.0
2023-05-04,4.04,3.36,0.14,33.4,45.8
2023-05-05,4.46,3.17,4.24,11.0,68.9
2023-05-06,1.84,2.03,1.02,30.6,84.7
2023-05-07,1.15,3.5,1.53,30.1,27.3
2023-05-08,2.18,0.14,1.48,13.1,31.1
2023-05-09,3.88,0.55,3.47,11.8,47.4
2023-05-10,1.68,0.26,3.5,18.1,73.7
2023-05-11,1.38,0.5,1.39,19.2,32.7
2023-05-12,2.0,2.16,0.05,11.0,65.2
2023-05-13,4.77,2.89,3.76,23.7,79.8
2023-05-14,3.7,3.12,2.07,37.5,20.7
2023-05-15,4.38,0.7,2.11,21.3,59.0
2023-05-16,2.27,3.59,4.88,21.1,60.2
2023-05-17,2.08,1.55,4.49,21.0,86.4
2023-05-18,0.14,2.82,0.93,19.4,58.6
2023-05-19,2.29,1.87,2.16,14.4,88.4
2023-05-20,4.21,3.71,4.22,30.9,75.7
2023-05-21,4.15,4.96,0.26,28.1,22.2
2023-05-22,1.2,3.47,3.76,26.2,31.0
2023-05-23,1.53,0.7,4.29,33.1,62.2
2023-05-24,3.91,1.63,4.45,37.8,23.5
2023-05-25,3.44,3.87,0.58,30.1,81.3
2023-05-26,3.6,4.98,0.73,28.3,35.7
2023-05-27,1.81,2.34,3.12,11.9,87.6
2023-05-28,4.62,3.33,2.55,23.4,25.2
2023-05-29,4.31,4.19,4.39,27.6,54.0
2023-05-30,2.51,1.61,3.32,39.6,76.5
2023-05-31,4.56,0.37,1.43,21.5,60.6
2023-06-01,3.24,1.99,0.46,24.8,77.5
2023-06-02,3.53,1.26,3.74,23.6,45.2
2023-06-03,2.27,2.18,0.34,19.3,40.1
2023-06-04,2.26,3.99,4.47,27.0,64.1
2023-06-05,2.4,3.64,4.85,28.1,20.7
2023-06-06,0.22,0.73,0.42,28.1,51.3
2023-06-07,1.21,3.89,0.65,23.6,89.4
2023-06-08,1.93,2.85,0.27,23.6,76.1
2023-06-09,3.79,3.29,1.15,36.7,48.0
2023-06-10,4.7,0.59,2.29,38.2,22.3
2023-06-11,2.9,3.18,1.35,34.3,46.3
2023-06-12,2.07,4.44,0.02,30.9,82.8
2023-06-13,2.96,0.41,4.9,32.9,57.9
2023-06-14,1.04,2.49,4.56,12.3,55.2
2023-06-15,4.98,2.9,0.82,25.1,87.1
2023-06-16,4.0,2.25,0.26,26.1,62.8
2023-06-17,2.01,4.99,4.28,32.0,84.8
2023-06-18,4.0,1.17,0.54,10.4,79.2
2023-06-19,0.61,0.86,3.46,27.4,64.0
2023-06-20,3.89,2.68,2.08,29.3,33.7
2023-06-21,2.09,4.33,3.18,17.0,54.1
2023-06-22,2.25,4.26,1.12,15.5,65.4
2023-06-23,3.35,1.4,1.72,17.0,58.5
2023-06-24,1.74,4.72,4.7,14.8,68.2
2023-06-25,4.63,4.77,0.07,35.0,85.3
2023-06-26,1.72,4.33,3.44,28.4,78.9
2023-06-27,4.4,3.85,2.34,30.9,27.5
2023-06-28,2.62,3.41,3.74,31.7,72.1
2023-06-29,0.45,0.93,3.85,25.0,31.9
2023-06-30,4.08,3.64,0.03,19.5,25.1
2023-07-01,3.38,1.48,4.03,39.6,67.1
2023-07-02,4.79,0.87,2.06,27.8,81.7
2023-07-03,0.37,0.68,1.13,16.2,46.7
2023-07-04,4.22,1.49,1.89,24.7,63.4
2023-07-05,3.63,3.12,0.38,29.1,24.8
2023-07-06,1.35,2.96,1.0,27.7,53.7
2023-07-07,4.19,3.17,3.03,21.8,20.9
2023-07-08,0.59,0.23,1.18,10.6,50.9
2023-07-09,0.27,3.14,0.49,11.7,22.8
2023-07-10,3.22,0.67,3.79,21.0,33.3
2023-07-11,2.3,4.37,2.16,21.0,63.7
2023-07-12,3.78,1.33,3.55,34.5,28.1
2023-07-13,0.59,0.73,1.32,38.1,58.8
2023-07-14,0.59,2.42,3.15,17.3,55.7
2023-07-15,1.24,2.14,2.07,39.5,88.7
2023-07-16,3.09,3.67,2.26,17.4,23.7
2023-07-17,0.6,4.63,1.27,11.2,87.6
2023-07-18,3.98,0.31,0.81,13.0,22.3
2023-07-19,1.29,0.28,2.54,11.8,46.3
2023-07-20,2.65,2.69,1.28,27.3,82.6
2023-07-21,3.35,4.23,3.04,12.3,35.4
2023-07-22,0.08,0.08,4.01,15.5,44.2
2023-07-23,4.53,3.89,2.53,39.5,41.7
2023-07-24,2.33,0.45,4.42,36.7,35.6
2023-07-25,4.74,0.69,1.42,10.7,44.7
2023-07-26,0.86,1.34,2.35,28.4,88.5
2023-07-27,0.7,2.07,2.72,18.8,53.7
2023-07-28,1.21,3.27,2.6,28.2,87.8
2023-07-29,1.84,3.81,3.99,28.1,77.4
2023-07-30,1.87,2.23,1.12,28.5,47.0
2023-07-31,1.93,0.76,1.79,28.9,60.6
2023-08-01,1.22,2.85,4.68,22.7,68.9
2023-08-02,4.79,0.31,1.97,10.3,43.4
2023-08-03,3.37,2.88,3.96,31.5,79.2
2023-08-04,4.87,4.01,4.27,30.7,66.5
2023-08-05,3.18,1.04,4.1,21.8,59.4
2023-08-06,0.46,1.99,4.49,34.0,64.3
2023-08-07,2.82,2.03,0.89,32.3,35.5
2023-08-08,0.8,0.99,3.39,16.5,32.7
2023-08-09,1.33,4.97,4.66,37.2,51.3
2023-08-10,2.63,0.8,1.44,34.1,85.6
2023-08-11,1.9,3.54,0.74,28.9,35.0
2023-08-12,4.73,4.73,0.77,13.1,82.4
2023-08-13,3.75,3.79,4.09,18.5,74.9
2023-08-14,2.7,0.99,0.83,38.3,54.0
2023-08-15,3.73,0.62,4.3,15.0,50.0
2023-08-16,3.04,3.72,1.95,16.1,22.5
2023-08-17,2.95,0.51,3.77,16.8,36.2
2023-08-18,3.25,1.33,0.47,31.0,79.0
2023-08-19,0.92,3.02,4.22,38.7,73.0
2023-08-20,1.64,4.21,0.78,20.7,24.9
2023-08-21,0.02,3.06,3.27,35.6,46.2
2023-08-22,1.39,3.69,0.21,24.8,59.3
2023-08-23,4.57,1.05,4.57,21.0,21.6
2023-08-24,2.11,0.52,0.58,23.6,82.6
2023-08-25,4.6,1.75,0.59,29.6,65.7
2023-08-26,2.71,3.07,2.67,11.5,40.3
2023-08-27,4.63,2.32,1.56,10.9,49.2
2023-08-28,4.31,4.36,2.82,37.4,63.4
2023-08-29,4.14,1.53,0.22,39.5,30.0
2023-08-30,2.07,0.96,4.73,21.2,43.7
2023-08-31,3.66,3.36,3.16,14.1,52.9
2023-09-01,4.18,3.37,4.26,21.7,26.4
2023-09-02,0.12,0.54,2.45,23.6,64.5
2023-09-03,2.32,0.09,4.18,14.4,83.7
2023-09-04,0.13,4.34,1.24,19.0,81.9
2023-09-05,4.18,2.24,2.81,20.6,39.7
2023-09-06,4.63,3.13,1.85,21.5,27.8
2023-09-07,0.22,2.42,0.4,24.3,73.4
2023-09-08,2.67,4.19,0.49,37.0,77.8
2023-09-09,4.97,1.75,4.24,10.1,44.6
2023-09-10,1.33,3.52,3.29,24.1,53.6
2023-09-11,4.21,2.86,4.69,15.4,79.2
2023-09-12,0.79,3.98,4.03,11.2,70.8
2023-09-13,1.03,0.43,3.91,15.3,82.6
2023-09-14,1.31,0.46,4.45,17.1,20.9
2023-09-15,3.01,3.33,2.95,39.4,54.3
2023-09-16,3.83,0.67,3.35,27.1,65.9
2023-09-17,1.26,3.55,0.03,31.6,47.8
2023-09-18,1.69,1.51,0.49,20.0,82.7
2023-09-19,0.65,4.2,3.67,35.4,35.6
2023-09-20,1.97,0.39,2.16,33.6,63.7
2023-09-21,0.73,1.53,2.39,16.0,52.3
2023-09-22,0.6,4.27,0.83,10.8,68.1
2023-09-23,0.56,3.81,3.27,23.9,75.7
2023-09-24,0.74,1.03,3.22,18.2,64.4
2023-09-25,3.94,4.47,4.14,33.7,79.3
2023-09-26,3.31,3.96,2.61,34.0,38.6
2023-09-27,3.9,4.05,2.12,15.7,51.3
2023-09-28,1.13,2.89,2.91,37.7,68.2
2023-09-29,2.91,1.37,2.92,21.7,26.5
2023-09-30,0.49,2.48,1.49,10.2,44.4
2023-10-01,1.97,3.0,0.35,22.1,55.0
2023-10-02,0.54,2.98,1.95,10.9,68.5
2023-10-03,3.46,0.2,3.62,24.2,56.3
2023-10-04,1.75,1.84,3.09,18.4,57.8
2023-10-05,4.44,3.12,0.31,29.2,63.1
2023-10-06,2.3,0.53,1.71,15.6,70.2
2023-10-07,4.94,0.44,3.4,34.1,65.7
2023-10-08,3.43,4.08,2.22,39.3,28.9
2023-10-09,0.1,4.16,3.87,33.2,88.8
2023-10-10,4.35,4.96,1.5,39.5,63.5
2023-10-11,4.98,4.52,4.74,16.9,85.7
2023-10-12,1.47,3.73,0.75,26.3,81.4
2023-10-13,0.7,1.88,4.47,18.2,20.1
2023-10-14,4.96,0.3,4.41,20.0,85.7
2023-10-15,4.04,3.91,4.54,33.5,37.9
2023-10-16,2.21,3.16,3.96,21.3,81.2
2023-10-17,2.14,2.0,1.07,17.2,67.1
2023-10-18,3.5,0.83,0.15,11.5,51.9
2023-10-19,1.59,0.49,3.57,17.6,47.3
2023-10-20,4.64,2.72,4.67,32.8,57.0
2023-10-21,4.4,1.12,4.9,18.7,50.3
2023-10-22,4.89,4.86,3.67,14.4,23.7
2023-10-23,3.39,2.76,1.55,26.4,48.4
2023-10-24,3.3,0.23,2.43,25.3,66.3
2023-10-25,1.35,1.73,4.9,29.6,65.7
2023-10-26,0.98,0.75,2.71,30.5,78.4
2023-10-27,0.79,3.02,2.89,36.1,67.7
2023-10-28,4.65,4.31,2.12,22.7,68.2
2023-10-29,4.92,0.79,1.11,18.3,41.4
2023-10-30,3.99,1.56,3.7,30.4,41.5
2023-10-31,4.78,4.09,0.38,21.1,33.9
2023-11-01,3.68,4.25,4.88,18.6,38.9
2023-11-02,4.2,4.81,3.34,38.2,37.2
2023-11-03,3.63,1.56,2.2,31.4,70.8
2023-11-04,2.73,3.53,0.58,13.7,45.7
2023-11-05,3.4,4.82,4.31,37.7,78.5
2023-11-06,3.49,4.89,1.07,39.6,31.5
2023-11-07,1.39,3.04,4.57,22.8,81.0
2023-11-08,4.48,4.43,0.71,34.3,66.0
2023-11-09,3.78,0.49,4.06,26.6,20.8
2023-11-10,1.5,2.47,4.27,33.0,24.9
2023-11-11,3.05,4.81,1.35,25.3,84.0
2023-11-12,3.52,0.31,0.61,19.5,49.2
2023-11-13,2.72,1.09,1.04,36.2,21.0
2023-11-14,2.26,3.77,1.88,15.9,86.4
2023-11-15,0.24,0.5,1.59,25.6,77.7
2023-11-16,0.5,0.18,0.13,18.4,26.9
2023-11-17,0.51,0.41,3.34,38.1,78.1
2023-11-18,3.47,2.28,1.46,14.9,84.1
2023-11-19,2.74,2.11,4.47,39.3,86.1
2023-11-20,4.35,1.54,0.99,35.5,87.9
2023-11-21,4.96,1.19,2.48,24.7,64.3
2023-11-22,3.95,0.7,3.51,32.3,81.6
2023-11-23,4.32,0.42,0.25,19.8,47.4
2023-11-24,3.44,2.35,4.63,15.7,85.2
2023-11-25,0.91,0.38,0.17,17.5,61.3
2023-11-26,2.27,4.58,4.46,37.1,87.0
2023-11-27,3.9,4.01,2.52,27.8,36.5
2023-11-28,1.33,2.6,4.59,25.7,88.6
2023-11-29,3.76,1.63,2.58,23.5,58.1
2023-11-30,2.96,4.73,2.16,32.7,72.3
2023-12-01,1.01,0.41,1.51,33.6,38.9
2023-12-02,4.11,2.11,1.02,30.7,53.8
2023-12-03,3.55,4.07,1.96,13.7,47.6
2023-12-04,4.08,3.4,4.21,33.5,88.0
2023-12-05,3.08,0.62,3.66,22.1,89.7
2023-12-06,3.34,4.6,3.13,18.4,64.9
2023-12-07,2.45,2.52,3.61,28.8,83.3
2023-12-08,3.04,2.8,3.95,38.8,48.0
2023-12-09,3.07,1.63,4.17,25.7,30.2
2023-12-10,0.02,0.37,2.43,13.5,49.8
2023-12-11,0.23,3.31,4.47,12.3,29.3
2023-12-12,2.98,0.53,2.65,33.3,51.6
2023-12-13,4.43,1.15,2.54,10.9,43.6
2023-12-14,3.99,3.94,3.36,11.1,61.9
2023-12-15,4.39,0.84,2.1,28.2,67.6
2023-12-16,0.71,1.43,3.76,27.4,79.4
2023-12-17,4.51,0.11,3.26,11.3,82.1
2023-12-18,2.88,1.42,1.13,24.7,42.1
2023-12-19,1.47,0.32,1.33,29.2,33.0
2023-12-20,3.69,0.64,1.08,27.7,78.5
2023-12-21,1.07,1.85,0.67,32.8,84.6
2023-12-22,3.56,1.41,4.53,18.9,36.4
2023-12-23,0.53,2.73,1.94,13.8,36.0
2023-12-24,0.15,4.47,2.88,24.0,50.7
2023-12-25,1.12,2.37,4.59,31.6,88.1
2023-12-26,3.21,0.85,2.8,20.6,61.6
2023-12-27,0.17,4.0,2.92,32.3,69.6
2023-12-28,3.8,4.34,1.21,35.4,79.7
2023-12-29,4.16,1.98,1.06,25.7,36.1
2023-12-30,3.81,0.28,0.52,21.6,63.8
2023-12-31,1.21,4.3,3.3,11.7,64.6
2024-01-01,0.42,3.59,3.68,32.1,50.3
2024-01-02,2.78,2.7,2.84,30.5,60.3
2024-01-03,4.75,2.43,4.54,34.3,37.0
2024-01-04,0.14,1.87,0.99,21.2,74.4
2024-01-05,4.24,1.87,0.32,13.5,49.5
2024-01-06,0.45,3.2,4.62,12.6,47.1
2024-01-07,0.16,0.86,2.83,39.3,89.1
2024-01-08,1.7,2.2,3.03,13.5,88.0
2024-01-09,0.44,4.35,0.72,36.0,31.3
2024-01-10,3.4,4.6,1.84,11.7,41.3
2024-01-11,1.33,3.72,0.84,17.4,67.8
2024-01-12,1.58,0.76,2.57,26.8,58.4
2024-01-13,3.0,0.94,2.33,14.1,40.0
2024-01-14,3.76,2.99,0.29,35.7,50.8
2024-01-15,0.72,0.71,3.51,12.3,46.9
2024-01-16,1.9,2.78,0.04,27.0,21.3
2024-01-17,4.93,0.91,1.07,16.4,78.7
2024-01-18,4.35,2.29,2.39,15.8,59.2
2024-01-19,2.78,0.18,2.61,25.9,21.9
2024-01-20,0.19,4.31,1.13,26.7,64.0
2024-01-21,2.56,0.26,2.15,11.2,74.5
2024-01-22,1.05,1.16,3.95,39.8,74.7
2024-01-23,4.48,0.1,3.73,31.8,59.4
2024-01-24,2.45,0.93,2.94,11.7,36.8
2024-01-25,3.65,3.23,3.6,35.7,81.6
2024-01-26,3.5,4.19,0.52,13.0,70.4
2024-01-27,1.28,3.05,2.73,14.5,41.5
2024-01-28,3.04,3.18,4.53,29.5,64.1
2024-01-29,1.51,2.18,1.89,21.4,49.0
2024-01-30,1.55,2.63,2.39,13.0,58.6
2024-01-31,4.05,0.14,3.5,27.8,81.5
2024-02-01,4.29,2.08,3.34,25.8,81.4
2024-02-02,1.44,1.06,3.81,11.4,24.6
2024-02-03,2.8,0.4,0.01,11.0,76.5
2024-02-04,4.26,0.62,2.43,20.0,38.6
2024-02-05,2.87,4.79,1.75,39.4,78.4
2024-02-06,3.84,2.24,0.89,19.1,80.1
2024-02-07,3.81,0.51,0.03,29.8,48.0
2024-02-08,4.09,4.37,1.38,33.2,84.3
2024-02-09,4.5,0.65,1.88,13.5,26.9
2024-02-10,3.88,4.48,3.17,27.7,45.9
2024-02-11,2.73,1.57,4.97,14.0,57.5
2024-02-12,2.5,2.36,1.32,37.8,35.2
2024-02-13,3.97,0.86,1.21,11.4,54.2
2024-02-14,1.77,1.65,4.15,34.6,59.8
2024-02-15,3.09,4.34,2.88,37.6,35.3
2024-02-16,0.91,3.78,0.45,32.5,23.1
2024-02-17,2.75,3.94,2.91,12.8,56.7
2024-02-18,3.54,0.54,3.43,39.4,42.3
2024-02-19,4.23,2.44,4.19,36.8,42.1
2024-02-20,0.84,0.8,4.82,29.8,34.3
2024-02-21,2.96,4.81,2.37,34.8,26.7
2024-02-22,2.82,1.66,3.85,33.0,86.4
2024-02-23,4.22,3.14,0.75,29.1,56.4
2024-02-24,4.61,2.32,1.11,33.6,83.3
2024-02-25,1.33,1.64,3.55,28.6,66.0
2024-02-26,1.26,2.43,2.14,18.0,82.9
2024-02-27,3.05,1.99,4.78,32.1,63.0
2024-02-28,4.54,3.63,2.42,34.6,59.8
2024-02-29,4.55,4.9,0.76,39.5,73.6
2024-03-01,2.77,3.17,3.43,29.4,73.0
2024-03-02,0.45,3.12,4.94,18.6,49.4
2024-03-03,1.61,1.99,3.33,34.3,48.0
2024-03-04,0.02,4.55,3.1,35.8,38.9
2024-03-05,4.77,4.38,2.99,26.9,87.7
2024-03-06,3.36,1.82,4.39,25.5,34.8
2024-03-07,4.04,0.24,0.86,27.0,75.9
2024-03-08,2.68,0.95,3.74,13.3,77.6
2024-03-09,4.67,2.96,1.44,35.9,25.5
2024-03-10,2.18,0.69,2.51,37.8,62.8
2024-03-11,0.48,3.15,0.78,17.1,37.5
2024-03-12,2.24,4.63,0.74,19.2,47.3
2024-03-13,1.64,0.02,3.24,37.9,34.8
2024-03-14,0.91,1.16,1.65,37.8,20.3
2024-03-15,0.28,4.98,0.86,35.3,55.7
2024-03-16,0.51,4.94,0.42,16.7,48.0
2024-03-17,0.15,4.76,1.5,29.8,47.2
2024-03-18,4.81,2.4,3.13,18.7,44.6
2024-03-19,2.88,2.34,4.59,33.7,66.4
2024-03-20,4.96,3.42,2.06,26.7,69.3
2024-03-21,4.18,0.67,3.77,16.0,61.8
2024-03-22,1.38,0.34,2.35,33.7,43.8
2024-03-23,0.18,0.77,3.25,33.4,86.3
2024-03-24,0.93,3.49,2.53,10.5,53.4
2024-03-25,3.58,2.39,1.17,16.9,44.6
2024-03-26,0.18,3.55,1.91,36.7,24.8
2024-03-27,2.7,1.26,0.32,24.4,64.3
2024-03-28,2.97,3.88,3.24,37.8,65.3
2024-03-29,1.99,3.59,1.29,33.8,31.6
2024-03-30,4.89,0.84,2.51,18.4,33.8
2024-03-31,0.79,0.6,1.54,37.9,73.1
2024-04-01,2.07,3.77,2.78,39.4,43.4
2024-04-02,2.78,2.07,2.82,36.4,42.0
2024-04-03,4.05,0.42,4.36,32.7,42.6
2024-04-04,1.3,4.58,2.49,17.2,27.8
2024-04-05,3.09,3.76,3.11,32.3,60.3
2024-04-06,3.21,4.8,2.36,37.8,24.7
2024-04-07,0.19,4.08,0.39,17.2,74.6
2024-04-08,4.64,0.56,0.45,21.2,79.2
2024-04-09,4.3,3.52,3.09,31.6,89.3
2024-04-10,4.05,3.66,1.35,17.0,27.5
2024-04-11,0.29,4.04,2.99,14.4,20.1
2024-04-12,2.83,3.63,1.3,27.7,88.0
2024-04-13,3.57,4.42,3.42,19.0,70.3
2024-04-14,2.98,1.96,1.07,26.3,65.3
2024-04-15,2.34,0.98,2.53,37.3,51.5
2024-04-16,1.38,2.94,0.23,25.6,46.0
2024-04-17,4.28,0.68,1.04,19.1,68.0
2024-04-18,2.94,0.45,0.73,10.3,44.6
2024-04-19,4.69,2.29,1.21,29.5,28.0
2024-04-20,1.38,0.24,2.87,29.0,40.6
2024-04-21,4.57,1.24,4.63,19.4,28.6
2024-04-22,1.52,0.38,3.98,21.2,29.9
2024-04-23,4.45,0.2,4.23,15.5,22.9
2024-04-24,3.72,3.2,0.41,16.7,25.1
2024-04-25,3.32,4.44,3.07,29.4,85.1
2024-04-26,0.38,2.71,1.25,11.1,86.9
2024-04-27,2.58,2.64,3.28,37.0,21.3
2024-04-28,1.29,1.06,4.61,10.2,41.0
2024-04-29,3.05,4.16,2.26,13.9,33.3
2024-04-30,0.99,4.01,0.01,10.9,39.5
2024-05-01,4.54,0.96,3.09,33.9,71.6
2024-05-02,1.76,1.55,3.51,37.9,70.8
2024-05-03,1.87,2.31,2.9,35.0,87.4
2024-05-04,1.03,1.68,0.06,25.8,62.7
2024-05-05,2.35,3.54,0.43,31.1,56.1
2024-05-06,2.58,2.81,3.31,19.9,49.3
2024-05-07,0.82,1.89,1.49,24.8,30.3
2024-05-08,5.0,2.21,4.99,26.7,23.5
2024-05-09,2.04,4.18,3.75,37.3,73.8
2024-05-10,0.54,1.79,4.91,30.4,82.2
2024-05-11,4.15,0.36,0.72,38.4,56.4
2024-05-12,1.66,3.36,1.41,37.5,74.9
2024-05-13,0.55,0.18,3.86,21.9,22.4
2024-05-14,4.75,4.51,4.64,17.9,31.4
2024-05-15,4.36,3.5,1.53,33.9,55.6
2024-05-16,1.94,2.27,3.87,32.9,88.7
2024-05-17,1.67,3.71,3.93,11.0,29.3
2024-05-18,3.52,2.76,1.46,19.0,74.2
2024-05-19,1.71,1.17,2.81,18.4,86.3
2024-05-20,0.86,4.18,2.93,16.1,42.6
2024-05-21,0.98,3.14,0.65,19.5,33.9
2024-05-22,1.77,4.18,2.34,33.6,67.4
2024-05-23,1.85,1.29,0.79,11.3,45.5
2024-05-24,3.39,1.28,2.52,39.8,78.1
2024-05-25,1.43,0.13,2.76,38.7,24.2
2024-05-26,1.97,1.29,3.43,25.6,65.3
2024-05-27,4.31,4.76,0.92,36.3,51.1
2024-05-28,3.13,1.41,0.49,37.8,65.0
2024-05-29,1.27,3.95,2.01,15.1,38.5
2024-05-30,4.55,2.15,2.44,30.9,75.1
2024-05-31,4.18,3.44,3.55,17.5,31.3
2024-06-01,4.7,4.6,1.9,33.5,20.2
2024-06-02,2.89,2.55,4.62,22.1,35.7
2024-06-03,3.87,3.81,2.61,20.1,41.1
2024-06-04,1.8,2.66,3.31,22.9,71.6
2024-06-05,1.59,0.25,2.45,16.9,21.6
2024-06-06,2.93,0.02,1.17,28.9,33.8
2024-06-07,1.31,2.87,1.22,36.3,55.6
2024-06-08,4.15,0.5,0.47,39.1,38.4
2024-06-09,3.4,3.97,4.41,25.8,83.2
2024-06-10,3.24,1.22,1.86,13.9,88.2
2024-06-11,4.12,4.82,4.96,11.0,23.1
2024-06-12,4.94,0.1,1.13,15.6,23.7
2024-06-13,0.6,0.02,0.97,21.7,35.6
2024-06-14,0.13,0.27,4.48,23.5,66.8
2024-06-15,1.54,3.24,4.08,31.1,84.1
2024-06-16,0.98,4.39,1.08,22.5,51.6
2024-06-17,0.41,1.88,1.06,14.6,85.2
2024-06-18,0.18,4.73,4.21,39.7,83.1
2024-06-19,0.43,1.36,4.03,21.7,70.3
2024-06-20,4.41,4.1,4.2,21.6,85.5
2024-06-21,4.8,3.45,3.22,15.1,59.5
2024-06-22,3.35,0.45,3.86,14.4,54.9
2024-06-23,2.23,2.49,2.24,33.7,27.6
2024-06-24,1.24,4.85,1.65,11.8,59.8
2024-06-25,2.64,4.36,0.64,31.0,86.4
2024-06-26,2.86,3.91,1.87,31.6,39.4
2024-06-27,4.35,1.09,3.12,29.0,68.5
2024-06-28,4.47,2.23,2.33,26.4,67.6
2024-06-29,0.36,4.01,0.66,23.1,21.2
2024-06-30,1.82,4.52,4.12,38.9,41.6
2024-07-01,0.53,4.72,4.32,33.0,45.4
2024-07-02,0.68,4.17,0.96,39.7,77.6
2024-07-03,1.62,2.38,0.08,13.7,68.2
2024-07-04,3.92,4.91,4.19,36.7,30.4
2024-07-05,2.98,4.87,0.99,36.4,74.1
2024-07-06,3.85,3.49,2.25,19.5,56.8
2024-07-07,3.21,2.53,1.0,28.4,57.2
2024-07-08,1.39,1.54,2.08,24.3,39.5
2024-07-09,1.11,1.99,0.68,38.5,53.9
2024-07-10,0.81,0.22,3.1,18.7,22.7
2024-07-11,3.06,4.33,4.11,15.8,54.5
2024-07-12,1.57,2.73,4.72,25.5,50.3
2024-07-13,4.65,1.8,4.09,34.2,30.5
2024-07-14,1.61,0.08,1.2,26.3,46.0
2024-07-15,0.62,0.8,3.53,37.6,25.8
2024-07-16,4.91,4.64,0.59,10.6,54.6
2024-07-17,3.47,1.83,2.46,19.9,24.8
2024-07-18,1.15,0.68,4.46,35.7,38.9
2024-07-19,4.57,1.62,2.26,10.7,40.7
2024-07-20,4.04,3.98,0.81,15.5,32.3
2024-07-21,4.1,4.23,0.32,35.4,58.8
2024-07-22,2.01,1.62,2.48,16.9,82.7
2024-07-23,1.52,3.89,4.6,28.9,43.9
2024-07-24,1.24,3.77,2.08,30.5,60.4
2024-07-25,2.97,1.29,4.49,23.9,78.3
2024-07-26,2.73,3.26,1.8,34.4,76.1
2024-07-27,0.98,4.03,3.14,26.3,79.1
2024-07-28,3.69,3.15,4.72,27.7,64.4
2024-07-29,2.55,0.8,1.79,35.5,36.5
2024-07-30,4.06,0.62,4.29,24.5,80.7
2024-07-31,1.31,0.13,2.33,24.0,88.3
2024-08-01,3.89,1.87,3.5,20.8,66.5
2024-08-02,3.41,1.3,3.69,22.6,65.6
2024-08-03,0.24,4.68,3.07,17.3,70.7
2024-08-04,2.12,2.83,2.95,38.0,62.5
2024-08-05,3.29,2.33,2.5,26.8,48.2
2024-08-06,3.08,2.6,2.4,32.6,63.9
2024-08-07,4.46,1.1,2.96,10.0,36.7
2024-08-08,3.51,3.76,4.59,40.0,22.9
2024-08-09,4.01,3.62,2.63,18.7,51.3
2024-08-10,3.89,2.55,2.53,27.4,42.7
2024-08-11,3.4,1.23,4.62,23.7,47.8
2024-08-12,2.21,3.06,4.2,18.9,77.2
2024-08-13,2.03,1.18,1.3,22.4,46.3
2024-08-14,4.42,4.47,3.23,28.7,86.3
2024-08-15,2.33,4.92,1.33,25.0,36.6
2024-08-16,3.69,3.26,3.43,23.6,32.0
2024-08-17,3.95,1.74,3.17,38.9,84.1
2024-08-18,1.26,2.35,2.19,33.5,21.3
2024-08-19,4.78,3.97,4.41,27.8,35.3
2024-08-20,4.67,3.47,1.99,19.7,51.2
2024-08-21,2.2,3.83,1.42,35.6,66.9
2024-08-22,4.67,2.33,4.01,25.6,76.7
2024-08-23,2.95,3.6,3.18,14.6,48.6
2024-08-24,0.93,4.39,4.9,34.6,74.1
2024-08-25,2.87,3.3,2.91,28.6,67.7
2024-08-26,4.09,2.91,4.41,29.7,78.2
2024-08-27,0.7,4.67,1.27,37.3,59.8
2024-08-28,1.02,4.69,4.46,37.6,72.0
2024-08-29,1.96,0.26,1.8,39.2,27.0
2024-08-30,0.71,0.81,0.96,31.3,67.5
2024-08-31,1.78,4.33,0.81,27.2,55.9
2024-09-01,3.91,2.58,2.73,34.3,77.2
2024-09-02,2.55,0.28,0.66,21.5,59.7
2024-09-03,2.11,2.53,1.57,10.8,76.1
2024-09-04,0.72,3.84,1.0,23.1,64.4
2024-09-05,4.69,1.33,1.34,34.2,77.1
2024-09-06,0.18,1.17,1.93,30.6,74.4
2024-09-07,0.87,3.53,2.2,33.0,64.8
2024-09-08,0.43,4.8,0.25,21.9,20.2
2024-09-09,3.53,0.05,1.9,32.5,50.4
2024-09-10,3.78,4.36,2.61,36.5,80.7
2024-09-11,4.19,3.59,2.83,38.5,29.9
2024-09-12,2.23,2.09,1.66,15.9,33.1
2024-09-13,4.74,2.3,3.26,13.1,82.9
2024-09-14,1.45,2.25,2.34,10.3,85.6
2024-09-15,4.84,2.76,4.59,10.3,83.9
2024-09-16,3.64,0.46,3.71,34.3,52.1
2024-09-17,3.52,1.16,1.75,16.6,66.8
2024-09-18,1.04,4.57,3.07,10.8,51.4
2024-09-19,3.21,4.37,4.13,30.7,49.1
2024-09-20,3.73,2.81,0.4,25.3,60.5
2024-09-21,3.89,4.33,0.56,17.3,54.0
2024-09-22,3.37,2.62,2.46,13.3,26.2
2024-09-23,2.84,4.73,2.95,31.4,20.7
2024-09-24,2.54,4.91,4.45,12.3,31.6
2024-09-25,4.53,1.54,0.63,20.5,88.1
2024-09-26,4.07,0.69,2.68,39.8,21.5
2024-09-27,3.15,2.68,3.13,38.1,88.0
2024-09-28,1.64,3.24,3.43,13.9,37.5
2024-09-29,3.14,0.58,2.13,13.3,35.1
2024-09-30,3.7,3.67,4.94,16.1,71.1
2024-10-01,4.46,3.28,2.06,13.0,70.0
2024-10-02,0.74,0.59,0.29,11.8,30.5
2024-10-03,2.85,3.14,2.9,36.7,72.5
2024-10-04,1.6,1.29,2.55,15.9,22.8
2024-10-05,2.37,1.19,0.75,12.8,64.6
2024-10-06,3.95,0.29,0.68,34.6,23.1
2024-10-07,3.32,0.19,1.47,27.6,40.8
2024-10-08,2.87,1.06,4.65,15.0,70.6
2024-10-09,1.03,0.41,1.96,28.0,80.0
2024-10-10,2.97,0.55,1.27,29.1,33.9
2024-10-11,3.66,4.84,1.78,17.1,65.9
2024-10-12,4.51,2.46,0.84,27.5,44.7
2024-10-13,4.11,2.53,1.95,32.0,60.0
2024-10-14,2.92,3.76,0.1,37.4,38.5
2024-10-15,4.06,1.76,4.19,13.8,85.1
2024-10-16,2.37,3.64,1.54,15.6,65.5
2024-10-17,1.23,4.12,2.7,38.6,54.8
2024-10-18,4.46,4.89,4.61,36.0,27.5
2024-10-19,0.71,3.47,3.87,39.0,59.0
2024-10-20,2.56,4.26,4.49,12.6,80.9
2024-10-21,1.35,0.04,4.28,38.4,61.0
2024-10-22,1.06,3.44,0.49,17.7,28.7
2024-10-23,3.08,0.83,0.04,34.6,78.9
2024-10-24,4.09,2.67,0.93,19.7,61.5
2024-10-25,4.36,0.81,2.44,16.5,28.4
2024-10-26,3.32,2.3,4.91,38.9,75.6
2024-10-27,0.6,4.57,2.69,21.3,27.4
2024-10-28,2.28,4.46,1.44,31.7,68.8
2024-10-29,2.67,2.02,1.09,11.9,84.6
2024-10-30,2.06,0.95,4.71,17.8,87.6
2024-10-31,4.83,2.0,1.2,24.0,71.8
2024-11-01,3.98,2.13,4.87,39.9,30.0
2024-11-02,3.58,3.21,0.84,10.9,74.3
2024-11-03,1.51,2.3,0.28,40.0,20.4
2024-11-04,2.88,3.25,2.22,14.5,82.8
2024-11-05,2.82,2.38,0.77,38.6,31.3
2024-11-06,1.02,2.38,2.58,34.7,33.3
2024-11-07,3.87,1.78,1.7,30.4,87.6
2024-11-08,1.81,4.82,2.33,30.3,70.2
2024-11-09,4.21,1.04,3.6,35.7,53.9
2024-11-10,0.35,3.03,0.39,26.0,35.0
2024-11-11,4.29,2.05,3.96,19.4,84.2
2024-11-12,0.33,1.12,0.01,19.8,68.1
2024-11-13,1.39,0.45,1.21,16.0,87.7
2024-11-14,2.91,4.8,1.38,17.3,86.5
2024-11-15,0.29,3.44,4.59,29.8,34.1
2024-11-16,1.13,4.55,1.49,18.4,78.6
2024-11-17,0.48,3.3,2.96,26.1,22.6
2024-11-18,3.22,3.4,4.79,20.1,74.0
2024-11-19,4.87,3.56,2.92,12.7,87.6
2024-11-20,2.14,3.81,1.18,21.9,47.2
2024-11-21,4.73,4.84,1.18,38.8,61.3
2024-11-22,4.05,3.13,2.97,21.6,28.0
2024-11-23,4.7,2.58,1.76,27.6,77.7
2024-11-24,4.67,1.24,1.93,26.2,66.3
2024-11-25,3.26,4.67,2.29,29.3,57.0
2024-11-26,3.77,3.18,1.24,37.0,41.1
2024-11-27,4.98,0.52,2.07,38.1,40.4
2024-11-28,4.19,1.51,1.8,33.9,89.2
2024-11-29,0.28,1.65,0.62,15.5,60.3
2024-11-30,3.87,3.97,0.59,14.5,45.0
2024-12-01,3.11,3.46,2.8,32.4,47.7
2024-12-02,2.66,4.27,0.84,32.8,50.0
2024-12-03,2.39,3.04,2.69,27.0,67.1
2024-12-04,3.35,2.51,0.77,33.1,33.2
2024-12-05,3.38,0.5,4.23,37.7,39.6
2024-12-06,2.91,3.74,1.05,19.3,20.1
2024-12-07,1.64,0.33,1.1,27.4,22.8
2024-12-08,1.31,3.21,3.52,18.0,57.1
2024-12-09,1.75,0.79,4.96,17.5,75.2
2024-12-10,3.13,1.63,3.14,33.6,79.3
2024-12-11,3.89,3.34,3.01,13.8,66.5
2024-12-12,1.11,0.41,0.84,13.7,76.0
2024-12-13,1.17,4.47,4.03,24.2,47.4
2024-12-14,0.87,0.93,2.53,34.0,24.0
2024-12-15,3.05,0.98,4.91,21.1,39.1
2024-12-16,1.17,4.34,3.16,23.2,58.3
2024-12-17,3.65,0.11,3.12,38.8,32.7
2024-12-18,3.63,3.67,2.37,35.9,55.4
2024-12-19,3.56,1.34,0.61,16.0,58.5
2024-12-20,2.06,1.47,3.98,29.8,66.5
2024-12-21,0.07,1.26,2.85,13.0,73.6
2024-12-22,0.28,4.6,4.65,10.2,48.0
2024-12-23,2.82,3.9,1.82,12.2,74.8
2024-12-24,4.67,0.74,2.78,30.5,24.7
2024-12-25,2.98,4.41,3.6,29.2,56.4
2024-12-26,0.27,2.36,0.47,33.3,80.7
2024-12-27,1.34,4.96,2.18,34.6,34.9
2024-12-28,2.92,3.98,4.75,39.9,24.4
2024-12-29,0.98,1.3,0.23,22.4,22.5
2024-12-30,4.9,3.94,2.45,21.2,36.7
2024-12-31,1.26,0.8,4.65,36.1,78.9
